20211216-155606-UTC, Linux steelyglint 5.4.0-90-generic #101-Ubuntu SMP Fri Oct 15 20:00:55 UTC 2021 x86_64 x86_64 x86_64 GNU/Linux, 25b3740bd427cf3225e35be4bb2205aa, -rwxr-xr-x 1 root root 87K Apr 14 2020, /usr/libexec/gvfsd-metadata
20211216-155606-UTC, Linux steelyglint 5.4.0-90-generic #101-Ubuntu SMP Fri Oct 15 20:00:55 UTC 2021 x86_64 x86_64 x86_64 GNU/Linux, 10c56000b6f4c7058521bab9435cdbb7, -rwxr-xr-x 1 root root 83K Apr 14 2020, /usr/libexec/gvfsd-google
20211216-155606-UTC, Linux steelyglint 5.4.0-90-generic #101-Ubuntu SMP Fri Oct 15 20:00:55 UTC 2021 x86_64 x86_64 x86_64 GNU/Linux, 1d904c2693452edebc7ede3a9e24d440, -rwxr-xr-x 1 root root 98K Mar 15 2020, /usr/libexec/at-spi2-registryd
20211216-155606-UTC, Linux steelyglint 5.4.0-90-generic #101-Ubuntu SMP Fri Oct 15 20:00:55 UTC 2021 x86_64 x86_64 x86_64 GNU/Linux, fcd2e93bc6c95b1a905a35fd79066856, -rwxr-xr-x 1 root root 75K Jul 23 12:28, /usr/libexec/csd-color
20211216-155606-UTC, Linux steelyglint 5.4.0-90-generic #101-Ubuntu SMP Fri Oct 15 20:00:55 UTC 2021 x86_64 x86_64 x86_64 GNU/Linux, 0136a74feb10422b7373d516c1e5387a, -rwxr-xr-x 1 root root 19K Apr 7 2021, /usr/libexec/evolution-user-prompter
20211216-155606-UTC, Linux steelyglint 5.4.0-90-generic #101-Ubuntu SMP Fri Oct 15 20:00:55 UTC 2021 x86_64 x86_64 x86_64 GNU/Linux, 723634901a1c81016432c226ec8b494b, -rwxr-xr-x 1 root root 31K Jul 23 12:28, /usr/libexec/csd-clipboard
20211216-155606-UTC, Linux steelyglint 5.4.0-90-generic #101-Ubuntu SMP Fri Oct 15 20:00:55 UTC 2021 x86_64 x86_64 x86_64 GNU/Linux, 1f018b66bca6e4549216e14c3efa7ed9, -rwxr-xr-x 1 root root 111K Apr 7 2021, /usr/libexec/evolution-calendar-factory
20211216-155606-UTC, Linux steelyglint 5.4.0-90-generic #101-Ubuntu SMP Fri Oct 15 20:00:55 UTC 2021 x86_64 x86_64 x86_64 GNU/Linux, 4c7d3fb993463337b4a0eb5c80c760ee, -rwxr-xr-x 1 root root 31K Jul 8 10:35, /usr/libexec/gsd-sound
20211216-155606-UTC, Linux steelyglint 5.4.0-90-generic #101-Ubuntu SMP Fri Oct 15 20:00:55 UTC 2021 x86_64 x86_64 x86_64 GNU/Linux, 8773afb2a78946b2c81024ed4c928353, -rwxr-xr-x 1 root root 115K Apr 14 2020, /usr/libexec/gvfs-gphoto2-volume-monitor
20211216-155606-UTC, Linux steelyglint 5.4.0-90-generic #101-Ubuntu SMP Fri Oct 15 20:00:55 UTC 2021 x86_64 x86_64 x86_64 GNU/Linux, 04aabbfb05aa128c1d7196e25bf052b2, -rwxr-xr-x 1 root root 39K Jul 8 10:35, /usr/libexec/gsd-wwan
20211216-155606-UTC, Linux steelyglint 5.4.0-90-generic #101-Ubuntu SMP Fri Oct 15 20:00:55 UTC 2021 x86_64 x86_64 x86_64 GNU/Linux, f442acdfc6465acfae3f9f0e05cf6fd3, -rwxr-xr-x 1 root root 55K Jun 3 2021, /usr/libexec/goa-daemon
20211216-155606-UTC, Linux steelyglint 5.4.0-90-generic #101-Ubuntu SMP Fri Oct 15 20:00:55 UTC 2021 x86_64 x86_64 x86_64 GNU/Linux, a63c6063eb41376afcf93a0ee6567e54, -rwxr-xr-x 1 root root 15K Jun 11 2020, /usr/libexec/vte-urlencode-cwd
20211216-155606-UTC, Linux steelyglint 5.4.0-90-generic #101-Ubuntu SMP Fri Oct 15 20:00:55 UTC 2021 x86_64 x86_64 x86_64 GNU/Linux, dbdda2de1c14b7addf98fbdc31399318, -rwxr-xr-x 1 root root 59K Apr 14 2020, /usr/libexec/gvfsd-smb
20211216-155606-UTC, Linux steelyglint 5.4.0-90-generic #101-Ubuntu SMP Fri Oct 15 20:00:55 UTC 2021 x86_64 x86_64 x86_64 GNU/Linux, 13778dd1a23a4e94ddc17ac9caa4fcc1, -rwxr-xr-x 1 root root 39K Jul 8 10:35, /usr/libexec/gsd-wacom
20211216-155606-UTC, Linux steelyglint 5.4.0-90-generic #101-Ubuntu SMP Fri Oct 15 20:00:55 UTC 2021 x86_64 x86_64 x86_64 GNU/Linux, 4e1e45c260caf0e8460ff7494a0e8553, -rwxr-xr-x 1 root root 155K Jun 3 2021, /usr/libexec/goa-identity-service
20211216-155606-UTC, Linux steelyglint 5.4.0-90-generic #101-Ubuntu SMP Fri Oct 15 20:00:55 UTC 2021 x86_64 x86_64 x86_64 GNU/Linux, 724607394f380f47f39e25dd9e1d4825, -rwxr-xr-x 1 root root 111K Apr 14 2020, /usr/libexec/gvfs-afc-volume-monitor
20211216-155606-UTC, Linux steelyglint 5.4.0-90-generic #101-Ubuntu SMP Fri Oct 15 20:00:55 UTC 2021 x86_64 x86_64 x86_64 GNU/Linux, e773c6ffb3670b2e1dfe9a262f0c159f, -rwxr-xr-x 1 root root 15K Oct 5 13:39, /usr/libexec/qmi-proxy
20211216-155606-UTC, Linux steelyglint 5.4.0-90-generic #101-Ubuntu SMP Fri Oct 15 20:00:55 UTC 2021 x86_64 x86_64 x86_64 GNU/Linux, 422eeff6e2c93e7eb4e8350402b8933f, -rwxr-xr-x 1 root root 159K Jul 23 12:28, /usr/libexec/csd-power
20211216-155606-UTC, Linux steelyglint 5.4.0-90-generic #101-Ubuntu SMP Fri Oct 15 20:00:55 UTC 2021 x86_64 x86_64 x86_64 GNU/Linux, d15d457151ec4afc4fbf5b3dcaebca22, -rwxr-xr-x 1 root root 15K May 18 2020, /usr/libexec/gamemode-simulate-game
20211216-155606-UTC, Linux steelyglint 5.4.0-90-generic #101-Ubuntu SMP Fri Oct 15 20:00:55 UTC 2021 x86_64 x86_64 x86_64 GNU/Linux, 028aebfc607f108849b26546f40fe228, -rwxr-xr-x 1 root root 23K Jun 23 2020, /usr/libexec/glib-pacrunner
20211216-155606-UTC, Linux steelyglint 5.4.0-90-generic #101-Ubuntu SMP Fri Oct 15 20:00:55 UTC 2021 x86_64 x86_64 x86_64 GNU/Linux, 1d95f64416e38d525f3e198c3b988ee4, -rwxr-xr-x 1 root root 107K Apr 14 2020, /usr/libexec/gvfsd-dav
20211216-155606-UTC, Linux steelyglint 5.4.0-90-generic #101-Ubuntu SMP Fri Oct 15 20:00:55 UTC 2021 x86_64 x86_64 x86_64 GNU/Linux, 1fa32dace8ba066189a8eadd21bb172a, -rwxr-xr-x 1 root root 39K Apr 14 2020, /usr/libexec/gvfsd
20211216-155606-UTC, Linux steelyglint 5.4.0-90-generic #101-Ubuntu SMP Fri Oct 15 20:00:55 UTC 2021 x86_64 x86_64 x86_64 GNU/Linux, 1461d2f57fb0737b88d52a2d759c7412, -rwxr-xr-x 1 root root 43K Jul 23 12:28, /usr/libexec/csd-smartcard
20211216-155606-UTC, Linux steelyglint 5.4.0-90-generic #101-Ubuntu SMP Fri Oct 15 20:00:55 UTC 2021 x86_64 x86_64 x86_64 GNU/Linux, e38fea06b16308c8de78eadfdc98cc86, -rwxr-xr-x 1 root root 15K Jul 8 10:35, /usr/libexec/gsd-backlight-helper
20211216-155606-UTC, Linux steelyglint 5.4.0-90-generic #101-Ubuntu SMP Fri Oct 15 20:00:55 UTC 2021 x86_64 x86_64 x86_64 GNU/Linux, 70861d1b2818c9279cd4a5c9035dac1f, -rwxr-xr-x 1 root root 339K Mar 20 2020, /usr/libexec/colord
20211216-155606-UTC, Linux steelyglint 5.4.0-90-generic #101-Ubuntu SMP Fri Oct 15 20:00:55 UTC 2021 x86_64 x86_64 x86_64 GNU/Linux, e454e0c67a0d6b136833e0d928a85083, -rwxr-xr-x 1 root root 697K Mar 5 2021, /usr/libexec/flatpak-oci-authenticator
20211216-155606-UTC, Linux steelyglint 5.4.0-90-generic #101-Ubuntu SMP Fri Oct 15 20:00:55 UTC 2021 x86_64 x86_64 x86_64 GNU/Linux, cc4309e08c5552be06b22883b4d9b5fe, -rwxr-xr-x 1 root root 47K Jul 23 12:28, /usr/libexec/csd-datetime-mechanism
20211216-155606-UTC, Linux steelyglint 5.4.0-90-generic #101-Ubuntu SMP Fri Oct 15 20:00:55 UTC 2021 x86_64 x86_64 x86_64 GNU/Linux, 9fa09cb172d4b6cedc323d132154130a, -rwxr-xr-x 1 root root 47K Apr 14 2020, /usr/libexec/gvfsd-http
20211216-155606-UTC, Linux steelyglint 5.4.0-90-generic #101-Ubuntu SMP Fri Oct 15 20:00:55 UTC 2021 x86_64 x86_64 x86_64 GNU/Linux, 5f0abb0e6483811fc93390c8bf8b3d2a, -rwxr-xr-x 1 root root 59K Jul 23 12:28, /usr/libexec/csd-list-wacom
20211216-155606-UTC, Linux steelyglint 5.4.0-90-generic #101-Ubuntu SMP Fri Oct 15 20:00:55 UTC 2021 x86_64 x86_64 x86_64 GNU/Linux, 307dc58684c1cb59beafc765500d2594, -rwxr-xr-x 1 root root 43K Jul 23 12:28, /usr/libexec/csd-keyboard
20211216-155606-UTC, Linux steelyglint 5.4.0-90-generic #101-Ubuntu SMP Fri Oct 15 20:00:55 UTC 2021 x86_64 x86_64 x86_64 GNU/Linux, a7c96fc25c5e3fde171379ac48133ce1, -rwxr-xr-x 1 root root 15K Dec 7 2020, /usr/libexec/gnome-system-monitor/gsm-renice
20211216-155606-UTC, Linux steelyglint 5.4.0-90-generic #101-Ubuntu SMP Fri Oct 15 20:00:55 UTC 2021 x86_64 x86_64 x86_64 GNU/Linux, e01ca17e4ba25b4a074d7a6f5e7e6e98, -rwxr-xr-x 1 root root 15K Dec 7 2020, /usr/libexec/gnome-system-monitor/gsm-kill
20211216-155606-UTC, Linux steelyglint 5.4.0-90-generic #101-Ubuntu SMP Fri Oct 15 20:00:55 UTC 2021 x86_64 x86_64 x86_64 GNU/Linux, 9790b9a7b8a1dba0e17ebc7c565ac579, -rwxr-xr-x 1 root root 275K Jul 23 08:14, /usr/libexec/fwupd/fwupd
20211216-155606-UTC, Linux steelyglint 5.4.0-90-generic #101-Ubuntu SMP Fri Oct 15 20:00:55 UTC 2021 x86_64 x86_64 x86_64 GNU/Linux, 8513fd63209b11d12d8c6582859fe4ee, -rwxr-xr-x 1 root root 99K Jul 23 08:14, /usr/libexec/fwupd/fwupdoffline
20211216-155606-UTC, Linux steelyglint 5.4.0-90-generic #101-Ubuntu SMP Fri Oct 15 20:00:55 UTC 2021 x86_64 x86_64 x86_64 GNU/Linux, a18c8a2edab53b8091454e9f7460f3bd, -rwxr-xr-x 1 root root 59K Jul 23 08:14, /usr/libexec/fwupd/efi/fwupdx64.efi
20211216-155606-UTC, Linux steelyglint 5.4.0-90-generic #101-Ubuntu SMP Fri Oct 15 20:00:55 UTC 2021 x86_64 x86_64 x86_64 GNU/Linux, 90408c7700660284b04c696a8f7e9d2e, -rwxr-xr-x 1 root root 15K Jul 23 08:14, /usr/libexec/fwupd/fwupd-detect-cet
20211216-155606-UTC, Linux steelyglint 5.4.0-90-generic #101-Ubuntu SMP Fri Oct 15 20:00:55 UTC 2021 x86_64 x86_64 x86_64 GNU/Linux, 7cf1a524a9ab9b3e7ebbd46c154947b6, -rwxr-xr-x 1 root root 35K Jul 23 12:28, /usr/libexec/csd-sound
20211216-155606-UTC, Linux steelyglint 5.4.0-90-generic #101-Ubuntu SMP Fri Oct 15 20:00:55 UTC 2021 x86_64 x86_64 x86_64 GNU/Linux, e055016389dc5d10299fda13a1e9cbcc, -rwxr-xr-x 1 root root 1.3K Jul 23 12:17, /usr/libexec/warpinator/firewall/ufw-modify
20211216-155606-UTC, Linux steelyglint 5.4.0-90-generic #101-Ubuntu SMP Fri Oct 15 20:00:55 UTC 2021 x86_64 x86_64 x86_64 GNU/Linux, 115a2507c1c57accf3abe1cefec22fc4, -rwxr-xr-x 1 root root 23K Jul 23 12:17, /usr/libexec/warpinator/server.py
20211216-155606-UTC, Linux steelyglint 5.4.0-90-generic #101-Ubuntu SMP Fri Oct 15 20:00:55 UTC 2021 x86_64 x86_64 x86_64 GNU/Linux, 9e2c6e3f336faf078e2da90e8b2e2fb9, -rwxr-xr-x 1 root root 57K Jul 23 12:17, /usr/libexec/warpinator/warpinator.py
20211216-155606-UTC, Linux steelyglint 5.4.0-90-generic #101-Ubuntu SMP Fri Oct 15 20:00:55 UTC 2021 x86_64 x86_64 x86_64 GNU/Linux, e3a6bb7df68a82b4bb1d831dfa2f0a8a, -rwxr-xr-x 1 root root 15K Oct 15 15:40, /usr/libexec/muffin-restart-helper
20211216-155606-UTC, Linux steelyglint 5.4.0-90-generic #101-Ubuntu SMP Fri Oct 15 20:00:55 UTC 2021 x86_64 x86_64 x86_64 GNU/Linux, bc7ac6a0d0133571b9dfd8a73ec1cfac, -rwxr-xr-x 1 root root 23K Jul 23 12:28, /usr/libexec/csd-background
20211216-155606-UTC, Linux steelyglint 5.4.0-90-generic #101-Ubuntu SMP Fri Oct 15 20:00:55 UTC 2021 x86_64 x86_64 x86_64 GNU/Linux, 13eb24a7faf3da17572eb25a9cf506fe, -rwxr-xr-x 1 root root 47K Apr 14 2020, /usr/libexec/gvfsd-localtest
20211216-155606-UTC, Linux steelyglint 5.4.0-90-generic #101-Ubuntu SMP Fri Oct 15 20:00:55 UTC 2021 x86_64 x86_64 x86_64 GNU/Linux, feeb2cec28c11f0d823b490899edbe1e, -rwxr-xr-x 1 root root 1.8K Mar 26 2020, /usr/libexec/run-systemd-session
20211216-155606-UTC, Linux steelyglint 5.4.0-90-generic #101-Ubuntu SMP Fri Oct 15 20:00:55 UTC 2021 x86_64 x86_64 x86_64 GNU/Linux, 13af1a2df6ca3031d4c6cb69b6c54043, -rwxr-xr-x 1 root root 39K Apr 14 2020, /usr/libexec/gvfsd-network
20211216-155606-UTC, Linux steelyglint 5.4.0-90-generic #101-Ubuntu SMP Fri Oct 15 20:00:55 UTC 2021 x86_64 x86_64 x86_64 GNU/Linux, f2774cba26b8eac389aa11bddb849be1, -rwxr-xr-x 1 root root 55K Jul 23 12:28, /usr/libexec/csd-mouse
20211216-155606-UTC, Linux steelyglint 5.4.0-90-generic #101-Ubuntu SMP Fri Oct 15 20:00:55 UTC 2021 x86_64 x86_64 x86_64 GNU/Linux, 62f6af0f5a9b1f85c3dcc53b88abfb58, -rwxr-xr-x 1 root root 23K Jul 8 10:35, /usr/libexec/gsd-dummy
20211216-155606-UTC, Linux steelyglint 5.4.0-90-generic #101-Ubuntu SMP Fri Oct 15 20:00:55 UTC 2021 x86_64 x86_64 x86_64 GNU/Linux, df0cacf1db4ec95ac70f5b6e06b8ffd7, -rwxr-xr-x 1 root root 67K Mar 23 2019, /usr/libexec/rtkit-daemon
20211216-155606-UTC, Linux steelyglint 5.4.0-90-generic #101-Ubuntu SMP Fri Oct 15 20:00:55 UTC 2021 x86_64 x86_64 x86_64 GNU/Linux, 9c1168e4d29e87ecaa2c090cd2132ec2, -rwxr-xr-x 1 root root 15K Mar 19 2020, /usr/libexec/gcr-prompter
20211216-155606-UTC, Linux steelyglint 5.4.0-90-generic #101-Ubuntu SMP Fri Oct 15 20:00:55 UTC 2021 x86_64 x86_64 x86_64 GNU/Linux, 102e92e4825c287f3a4daa7a2f7334d4, -rwxr-xr-x 1 root root 219K Dec 24 2019, /usr/libexec/xdg-document-portal
20211216-155606-UTC, Linux steelyglint 5.4.0-90-generic #101-Ubuntu SMP Fri Oct 15 20:00:55 UTC 2021 x86_64 x86_64 x86_64 GNU/Linux, 10b2bcebc68586fade588dd540f096aa, -rwxr-xr-x 1 root root 43K Jul 8 10:35, /usr/libexec/gsd-usb-protection
20211216-155606-UTC, Linux steelyglint 5.4.0-90-generic #101-Ubuntu SMP Fri Oct 15 20:00:55 UTC 2021 x86_64 x86_64 x86_64 GNU/Linux, eaf0c6170cba4e48b53627ebe45cddba, -rwxr-xr-x 1 root root 79K Apr 14 2020, /usr/libexec/gvfsd-mtp
20211216-155606-UTC, Linux steelyglint 5.4.0-90-generic #101-Ubuntu SMP Fri Oct 15 20:00:55 UTC 2021 x86_64 x86_64 x86_64 GNU/Linux, 614df6562b4a186f017a29a055ac4925, -rwxr-xr-x 1 root root 47K Apr 7 2021, /usr/libexec/evolution-addressbook-factory-subprocess
20211216-155606-UTC, Linux steelyglint 5.4.0-90-generic #101-Ubuntu SMP Fri Oct 15 20:00:55 UTC 2021 x86_64 x86_64 x86_64 GNU/Linux, ac2861ad93ce047283e8e87cefef9a19, -rwxr-xr-x 1 root root 91K Jul 8 10:35, /usr/libexec/gsd-color
20211216-155606-UTC, Linux steelyglint 5.4.0-90-generic #101-Ubuntu SMP Fri Oct 15 20:00:55 UTC 2021 x86_64 x86_64 x86_64 GNU/Linux, 18e243d2cf30ecee7ea89d1462725c5c, -rwxr-xr-x 1 root root 23K Jul 8 10:35, /usr/libexec/gsd-a11y-settings
20211216-155606-UTC, Linux steelyglint 5.4.0-90-generic #101-Ubuntu SMP Fri Oct 15 20:00:55 UTC 2021 x86_64 x86_64 x86_64 GNU/Linux, 17a9fde6e8b7cfe793cab493ab541a02, -rwxr-xr-x 1 root root 51K Jul 23 12:28, /usr/libexec/csd-automount
20211216-155606-UTC, Linux steelyglint 5.4.0-90-generic #101-Ubuntu SMP Fri Oct 15 20:00:55 UTC 2021 x86_64 x86_64 x86_64 GNU/Linux, f7ef7f986ea69499855aaa786e7f7968, -rwxr-xr-x 1 root root 19K Mar 26 2020, /usr/libexec/gnome-session-ctl
20211216-155606-UTC, Linux steelyglint 5.4.0-90-generic #101-Ubuntu SMP Fri Oct 15 20:00:55 UTC 2021 x86_64 x86_64 x86_64 GNU/Linux, 88a16a3c0aba1759358c06215ecfb5cc, -rwxr-xr-x 1 root root 51K Jul 8 10:35, /usr/libexec/gsd-rfkill
20211216-155606-UTC, Linux steelyglint 5.4.0-90-generic #101-Ubuntu SMP Fri Oct 15 20:00:55 UTC 2021 x86_64 x86_64 x86_64 GNU/Linux, 59f9022e20d92c36a9503620e2e40243, -rwxr-xr-x 1 root root 72K Jul 8 10:35, /usr/libexec/gsd-xsettings
20211216-155606-UTC, Linux steelyglint 5.4.0-90-generic #101-Ubuntu SMP Fri Oct 15 20:00:55 UTC 2021 x86_64 x86_64 x86_64 GNU/Linux, b1ab9a384f9e98a39ae5c36037dd5e78, -rwxr-xr-x 1 root root 23K Mar 26 2020, /usr/libexec/gnome-session-check-accelerated-gl-helper
20211216-155606-UTC, Linux steelyglint 5.4.0-90-generic #101-Ubuntu SMP Fri Oct 15 20:00:55 UTC 2021 x86_64 x86_64 x86_64 GNU/Linux, 0f9d0cc2baeb9974c0af61f235ce4bca, -rwxr-xr-x 1 root root 39K Apr 14 2020, /usr/libexec/gvfsd-burn
20211216-155606-UTC, Linux steelyglint 5.4.0-90-generic #101-Ubuntu SMP Fri Oct 15 20:00:55 UTC 2021 x86_64 x86_64 x86_64 GNU/Linux, 2f14475b479da6d26bc26e5dc6f800e1, -rwxr-xr-x 1 root root 43K Jul 23 12:28, /usr/libexec/csd-print-notifications
20211216-155606-UTC, Linux steelyglint 5.4.0-90-generic #101-Ubuntu SMP Fri Oct 15 20:00:55 UTC 2021 x86_64 x86_64 x86_64 GNU/Linux, 1563f274acd4e7ba530a55bdc4c95682, -rwxr-xr-x 1 root root 27K Mar 15 2020, /usr/libexec/at-spi-bus-launcher
20211216-155606-UTC, Linux steelyglint 5.4.0-90-generic #101-Ubuntu SMP Fri Oct 15 20:00:55 UTC 2021 x86_64 x86_64 x86_64 GNU/Linux, b55f3394a84976ddb92a2915e5d76914, -rwxr-xr-x 1 root root 51K Jul 8 10:35, /usr/libexec/gsd-housekeeping
20211216-155606-UTC, Linux steelyglint 5.4.0-90-generic #101-Ubuntu SMP Fri Oct 15 20:00:55 UTC 2021 x86_64 x86_64 x86_64 GNU/Linux, 685051acaff19cb88d41fb9bbb340794, -rwxr-xr-x 1 root root 91K Jul 23 12:28, /usr/libexec/csd-wacom-osd
20211216-155606-UTC, Linux steelyglint 5.4.0-90-generic #101-Ubuntu SMP Fri Oct 15 20:00:55 UTC 2021 x86_64 x86_64 x86_64 GNU/Linux, cee2c3688c338be805df183dd7199c4b, -rwxr-xr-x 1 root root 15K Dec 24 2019, /usr/libexec/xdg-desktop-portal-validate-icon
20211216-155606-UTC, Linux steelyglint 5.4.0-90-generic #101-Ubuntu SMP Fri Oct 15 20:00:55 UTC 2021 x86_64 x86_64 x86_64 GNU/Linux, 9f444d6d95b229d75212ccff42ed575c, -rwxr-xr-x 1 root root 717K Mar 5 2021, /usr/libexec/flatpak-system-helper
20211216-155606-UTC, Linux steelyglint 5.4.0-90-generic #101-Ubuntu SMP Fri Oct 15 20:00:55 UTC 2021 x86_64 x86_64 x86_64 GNU/Linux, d18fbf1cbf8eb57b17fac48b7b4be933, -rwxr-xr-x 1 root root 47K Apr 14 2020, /usr/libexec/gvfsd-fuse
20211216-155606-UTC, Linux steelyglint 5.4.0-90-generic #101-Ubuntu SMP Fri Oct 15 20:00:55 UTC 2021 x86_64 x86_64 x86_64 GNU/Linux, 4dc214a669261051464b6a9b086d49e2, -rwxr-xr-x 1 root root 159K Mar 5 2021, /usr/libexec/flatpak-session-helper
20211216-155606-UTC, Linux steelyglint 5.4.0-90-generic #101-Ubuntu SMP Fri Oct 15 20:00:55 UTC 2021 x86_64 x86_64 x86_64 GNU/Linux, 3e2a32f6720ca12dfd62c5bb41c433e1, -rwxr-xr-x 1 root root 47K Apr 14 2020, /usr/libexec/gvfsd-admin
20211216-155606-UTC, Linux steelyglint 5.4.0-90-generic #101-Ubuntu SMP Fri Oct 15 20:00:55 UTC 2021 x86_64 x86_64 x86_64 GNU/Linux, 1170aa5139bd67f0d59d041cb5bfcc8c, -rwxr-xr-x 1 root root 23K Apr 6 2021, /usr/libexec/gsd-disk-utility-notify
20211216-155606-UTC, Linux steelyglint 5.4.0-90-generic #101-Ubuntu SMP Fri Oct 15 20:00:55 UTC 2021 x86_64 x86_64 x86_64 GNU/Linux, 85ecd577efc61cbeeb167d942b6e2d85, -rwxr-xr-x 1 root root 15K Mar 13 2020, /usr/libexec/seahorse/xloadimage
20211216-155606-UTC, Linux steelyglint 5.4.0-90-generic #101-Ubuntu SMP Fri Oct 15 20:00:55 UTC 2021 x86_64 x86_64 x86_64 GNU/Linux, 86159cedd6470aac5c9344e1f0c637af, -rwxr-xr-x 1 root root 35K Mar 13 2020, /usr/libexec/seahorse/ssh-askpass
20211216-155606-UTC, Linux steelyglint 5.4.0-90-generic #101-Ubuntu SMP Fri Oct 15 20:00:55 UTC 2021 x86_64 x86_64 x86_64 GNU/Linux, aadb7a32779f0f31ea2fbd3a371fc737, -rwxr-xr-x 1 root root 19K Jul 8 10:35, /usr/libexec/gsd-wacom-oled-helper
20211216-155606-UTC, Linux steelyglint 5.4.0-90-generic #101-Ubuntu SMP Fri Oct 15 20:00:55 UTC 2021 x86_64 x86_64 x86_64 GNU/Linux, f25aad55a8452a5d4eba6a156aa73601, -rwxr-xr-x 1 root root 63K Apr 14 2020, /usr/libexec/gvfsd-afc
20211216-155606-UTC, Linux steelyglint 5.4.0-90-generic #101-Ubuntu SMP Fri Oct 15 20:00:55 UTC 2021 x86_64 x86_64 x86_64 GNU/Linux, f0e81c3e6567e2f129fec6fc0949d860, -rwxr-xr-x 1 root root 111K Apr 14 2020, /usr/libexec/gvfsd-sftp
20211216-155606-UTC, Linux steelyglint 5.4.0-90-generic #101-Ubuntu SMP Fri Oct 15 20:00:55 UTC 2021 x86_64 x86_64 x86_64 GNU/Linux, 7bd262bd2ff379d0da45f8595163824d, -rwxr-xr-x 1 root root 55K Apr 14 2020, /usr/libexec/gvfsd-trash
20211216-155606-UTC, Linux steelyglint 5.4.0-90-generic #101-Ubuntu SMP Fri Oct 15 20:00:55 UTC 2021 x86_64 x86_64 x86_64 GNU/Linux, 6056d3775871c414ab4616eef08e53c1, -rwxr-xr-x 1 root root 31K Jul 23 12:28, /usr/libexec/csd-cursor
20211216-155606-UTC, Linux steelyglint 5.4.0-90-generic #101-Ubuntu SMP Fri Oct 15 20:00:55 UTC 2021 x86_64 x86_64 x86_64 GNU/Linux, 3ed6dba3b861c69a477ee0f94f3f5509, -rwxr-xr-x 1 root root 15K Jul 23 12:28, /usr/libexec/csd-backlight-helper
20211216-155606-UTC, Linux steelyglint 5.4.0-90-generic #101-Ubuntu SMP Fri Oct 15 20:00:55 UTC 2021 x86_64 x86_64 x86_64 GNU/Linux, e29877a17617396630318b00c3021aa9, -rwxr-xr-x 1 root root 39K Jul 23 12:28, /usr/libexec/csd-locate-pointer
20211216-155606-UTC, Linux steelyglint 5.4.0-90-generic #101-Ubuntu SMP Fri Oct 15 20:00:55 UTC 2021 x86_64 x86_64 x86_64 GNU/Linux, dcfd59d204e6e54e07704154dc533175, -rwxr-xr-x 1 root root 51K Jul 23 12:28, /usr/libexec/csd-housekeeping
20211216-155606-UTC, Linux steelyglint 5.4.0-90-generic #101-Ubuntu SMP Fri Oct 15 20:00:55 UTC 2021 x86_64 x86_64 x86_64 GNU/Linux, 19e0369259aada656c5638ff72e59c3f, -rwxr-xr-x 1 root root 59K Apr 14 2020, /usr/libexec/gvfsd-nfs
20211216-155606-UTC, Linux steelyglint 5.4.0-90-generic #101-Ubuntu SMP Fri Oct 15 20:00:55 UTC 2021 x86_64 x86_64 x86_64 GNU/Linux, 6f22f110ec3f7d251ed35b8902f6ab32, -rwxr-xr-x 1 root root 39K Apr 14 2020, /usr/libexec/gvfsd-cdda
20211216-155606-UTC, Linux steelyglint 5.4.0-90-generic #101-Ubuntu SMP Fri Oct 15 20:00:55 UTC 2021 x86_64 x86_64 x86_64 GNU/Linux, 97a2eb494c391ddb729561bd873566ae, -rwxr-xr-x 1 root root 75K Apr 14 2020, /usr/libexec/gvfsd-gphoto2
20211216-155606-UTC, Linux steelyglint 5.4.0-90-generic #101-Ubuntu SMP Fri Oct 15 20:00:55 UTC 2021 x86_64 x86_64 x86_64 GNU/Linux, 8472533a046b1ac00d740c386ac2d969, -rwxr-xr-x 1 root root 15K Apr 9 2021, /usr/libexec/file-roller/rpm2cpio
20211216-155606-UTC, Linux steelyglint 5.4.0-90-generic #101-Ubuntu SMP Fri Oct 15 20:00:55 UTC 2021 x86_64 x86_64 x86_64 GNU/Linux, a0425c34e66fe9d869744831eb20fc15, -rwxr-xr-x 1 root root 63K Apr 7 2021, /usr/libexec/evolution-scan-gconf-tree-xml
20211216-155606-UTC, Linux steelyglint 5.4.0-90-generic #101-Ubuntu SMP Fri Oct 15 20:00:55 UTC 2021 x86_64 x86_64 x86_64 GNU/Linux, 743200e75d4ff64f773245b09d7c7b5e, -rwxr-xr-x 1 root root 35K Mar 19 2020, /usr/libexec/gcr-ssh-askpass
20211216-155606-UTC, Linux steelyglint 5.4.0-90-generic #101-Ubuntu SMP Fri Oct 15 20:00:55 UTC 2021 x86_64 x86_64 x86_64 GNU/Linux, 4912ae23684d55062ac889dd671a8ab9, -rwxr-xr-x 1 root root 195K Apr 14 2020, /usr/libexec/gvfs-udisks2-volume-monitor
20211216-155606-UTC, Linux steelyglint 5.4.0-90-generic #101-Ubuntu SMP Fri Oct 15 20:00:55 UTC 2021 x86_64 x86_64 x86_64 GNU/Linux, 4e5e3b3b618172d4fafef867ef8001ef, -rwxr-xr-x 1 root root 120K Apr 14 2020, /usr/libexec/gvfsd-afp-browse
20211216-155606-UTC, Linux steelyglint 5.4.0-90-generic #101-Ubuntu SMP Fri Oct 15 20:00:55 UTC 2021 x86_64 x86_64 x86_64 GNU/Linux, 5f98d754a07bf1385c3ff001cde3882e, -rwxr-xr-x 1 root root 19K Mar 20 2020, /usr/libexec/colord-sane
20211216-155606-UTC, Linux steelyglint 5.4.0-90-generic #101-Ubuntu SMP Fri Oct 15 20:00:55 UTC 2021 x86_64 x86_64 x86_64 GNU/Linux, 887efd403b1f02104cee12f20bf6a03c, -rwxr-xr-x 1 root root 15K Jun 25 17:09, /usr/libexec/nemo-preview-start
20211216-155606-UTC, Linux steelyglint 5.4.0-90-generic #101-Ubuntu SMP Fri Oct 15 20:00:55 UTC 2021 x86_64 x86_64 x86_64 GNU/Linux, 3f788e0f24d0b6a879cb3509d4075aaa, -rwxr-xr-x 1 root root 91K Mar 11 2020, /usr/libexec/dconf-service
20211216-155606-UTC, Linux steelyglint 5.4.0-90-generic #101-Ubuntu SMP Fri Oct 15 20:00:55 UTC 2021 x86_64 x86_64 x86_64 GNU/Linux, d80d39745740de37d6634d36e344d4bc, -rwxr-xr-x 1 root root 75K Jul 8 10:35, /usr/libexec/gsd-datetime
20211216-155606-UTC, Linux steelyglint 5.4.0-90-generic #101-Ubuntu SMP Fri Oct 15 20:00:55 UTC 2021 x86_64 x86_64 x86_64 GNU/Linux, 4ef31436eba465a14362dfe7e1d42ec3, -rwxr-xr-x 1 root root 111K Apr 14 2020, /usr/libexec/gvfs-mtp-volume-monitor
20211216-155606-UTC, Linux steelyglint 5.4.0-90-generic #101-Ubuntu SMP Fri Oct 15 20:00:55 UTC 2021 x86_64 x86_64 x86_64 GNU/Linux, 8e288fd17c80bb0a1148b964b2ac2279, -rwxr-xr-x 1 root root 39K Jul 8 10:35, /usr/libexec/gsd-keyboard
20211216-155606-UTC, Linux steelyglint 5.4.0-90-generic #101-Ubuntu SMP Fri Oct 15 20:00:55 UTC 2021 x86_64 x86_64 x86_64 GNU/Linux, cd6b1a9e7383b027115a9ca773b3f210, -rwxr-xr-x 1 root root 15K May 18 2020, /usr/libexec/cpugovctl
20211216-155606-UTC, Linux steelyglint 5.4.0-90-generic #101-Ubuntu SMP Fri Oct 15 20:00:55 UTC 2021 x86_64 x86_64 x86_64 GNU/Linux, 28b8e1b43c3e7f1db6741ea1ecd978b7, -rwxr-xr-x 1 root root 87K Jul 8 10:35, /usr/libexec/gsd-power
20211216-155606-UTC, Linux steelyglint 5.4.0-90-generic #101-Ubuntu SMP Fri Oct 15 20:00:55 UTC 2021 x86_64 x86_64 x86_64 GNU/Linux, 6c7e12929ee59294fcd38ec13904ec5b, -rwxr-xr-x 1 root root 15K Jul 14 09:30, /usr/libexec/mbim-proxy
20211216-155606-UTC, Linux steelyglint 5.4.0-90-generic #101-Ubuntu SMP Fri Oct 15 20:00:55 UTC 2021 x86_64 x86_64 x86_64 GNU/Linux, 388e59ddbb4eda7cfdc3deb9904fa7cd, -rwxr-xr-x 1 root root 59K Mar 9 2020, /usr/libexec/gnome-calculator-search-provider
20211216-155606-UTC, Linux steelyglint 5.4.0-90-generic #101-Ubuntu SMP Fri Oct 15 20:00:55 UTC 2021 x86_64 x86_64 x86_64 GNU/Linux, 374924b88c288124c6d4bd5e950dd82a, -rwxr-xr-x 1 root root 31K Mar 5 2021, /usr/libexec/revokefs-fuse
20211216-155606-UTC, Linux steelyglint 5.4.0-90-generic #101-Ubuntu SMP Fri Oct 15 20:00:55 UTC 2021 x86_64 x86_64 x86_64 GNU/Linux, 5765159719ef165c0bc2efe85b7cb509, -rwxr-sr-x 1 root mail 23K Apr 7 2021, /usr/libexec/camel-lock-helper-1.2
20211216-155606-UTC, Linux steelyglint 5.4.0-90-generic #101-Ubuntu SMP Fri Oct 15 20:00:55 UTC 2021 x86_64 x86_64 x86_64 GNU/Linux, 1d30fd6efae427811d993e386c56f621, -rwxr-xr-x 1 root root 123K Apr 7 2021, /usr/libexec/evolution-source-registry
20211216-155606-UTC, Linux steelyglint 5.4.0-90-generic #101-Ubuntu SMP Fri Oct 15 20:00:55 UTC 2021 x86_64 x86_64 x86_64 GNU/Linux, 2e28d858b9bf5439c531f2859c9e4881, -rwxr-xr-x 1 root root 15K Mar 5 2021, /usr/libexec/flatpak-validate-icon
20211216-155606-UTC, Linux steelyglint 5.4.0-90-generic #101-Ubuntu SMP Fri Oct 15 20:00:55 UTC 2021 x86_64 x86_64 x86_64 GNU/Linux, 1bd78885765a18e60c05ed1fb5fa3bf8, -rwxr-xr-x 1 root root 15K Mar 26 2020, /usr/libexec/gnome-session-check-accelerated-gles-helper
20211216-155606-UTC, Linux steelyglint 5.4.0-90-generic #101-Ubuntu SMP Fri Oct 15 20:00:55 UTC 2021 x86_64 x86_64 x86_64 GNU/Linux, 22fe834bb43d207ccd03e0840d7d3b36, -rwxr-xr-x 1 root root 115K Jul 23 12:28, /usr/libexec/csd-wacom
20211216-155606-UTC, Linux steelyglint 5.4.0-90-generic #101-Ubuntu SMP Fri Oct 15 20:00:55 UTC 2021 x86_64 x86_64 x86_64 GNU/Linux, ea1fbd7f62e4cd0331eae2ef754ee605, -rwxr-xr-x 1 root root 107K Jul 8 10:35, /usr/libexec/gsd-smartcard
20211216-155606-UTC, Linux steelyglint 5.4.0-90-generic #101-Ubuntu SMP Fri Oct 15 20:00:55 UTC 2021 x86_64 x86_64 x86_64 GNU/Linux, 6d9684324cf6c3086262fb6f110291b9, -rwxr-xr-x 1 root root 23K Apr 7 2021, /usr/libexec/evolution-data-server/list-sources
20211216-155606-UTC, Linux steelyglint 5.4.0-90-generic #101-Ubuntu SMP Fri Oct 15 20:00:55 UTC 2021 x86_64 x86_64 x86_64 GNU/Linux, 5cdc1d0d9590e2f647dbcff04ab4b61b, -rwxr-xr-x 1 root root 7.0K Apr 7 2021, /usr/libexec/evolution-data-server/csv2vcard
20211216-155606-UTC, Linux steelyglint 5.4.0-90-generic #101-Ubuntu SMP Fri Oct 15 20:00:55 UTC 2021 x86_64 x86_64 x86_64 GNU/Linux, 6dc04b133dc01e7a052c813ddb900ae1, -rwxr-xr-x 1 root root 31K Apr 7 2021, /usr/libexec/evolution-data-server/addressbook-export
20211216-155606-UTC, Linux steelyglint 5.4.0-90-generic #101-Ubuntu SMP Fri Oct 15 20:00:55 UTC 2021 x86_64 x86_64 x86_64 GNU/Linux, f96fb8e20fa418d7a94e37be85bf214f, -rwxr-xr-x 1 root root 51K Apr 7 2021, /usr/libexec/evolution-data-server/evolution-alarm-notify
20211216-155606-UTC, Linux steelyglint 5.4.0-90-generic #101-Ubuntu SMP Fri Oct 15 20:00:55 UTC 2021 x86_64 x86_64 x86_64 GNU/Linux, 9b5e89ca7c688382305c45bea93b9153, -rwxr-xr-x 1 root root 75K Apr 14 2020, /usr/libexec/gvfsd-smb-browse
20211216-155606-UTC, Linux steelyglint 5.4.0-90-generic #101-Ubuntu SMP Fri Oct 15 20:00:55 UTC 2021 x86_64 x86_64 x86_64 GNU/Linux, aeadb51ce95c4d5d58352fc2a856aa63, -rwxr-xr-x 1 root root 79K Jul 23 12:28, /usr/libexec/csd-media-keys
20211216-155606-UTC, Linux steelyglint 5.4.0-90-generic #101-Ubuntu SMP Fri Oct 15 20:00:55 UTC 2021 x86_64 x86_64 x86_64 GNU/Linux, 0510ff93bf59de24724d4085c85923f2, -rwxr-xr-x 1 root root 747K Feb 24 2020, /usr/libexec/xdg-desktop-portal-gtk
20211216-155606-UTC, Linux steelyglint 5.4.0-90-generic #101-Ubuntu SMP Fri Oct 15 20:00:55 UTC 2021 x86_64 x86_64 x86_64 GNU/Linux, 56a010f17c1d92f086ace7095b5c4e10, -rwxr-xr-x 1 root root 63K Jul 23 12:28, /usr/libexec/csd-xrandr
20211216-155606-UTC, Linux steelyglint 5.4.0-90-generic #101-Ubuntu SMP Fri Oct 15 20:00:55 UTC 2021 x86_64 x86_64 x86_64 GNU/Linux, 6952ab48dc3bcf0943d2458b1a182f4b, -rwxr-xr-x 1 root root 27K May 18 2020, /usr/libexec/gpuclockctl
20211216-155606-UTC, Linux steelyglint 5.4.0-90-generic #101-Ubuntu SMP Fri Oct 15 20:00:55 UTC 2021 x86_64 x86_64 x86_64 GNU/Linux, 79a3e726a32c96e16d92afb97a67e50c, -rwxr-xr-x 1 root root 43K Apr 14 2020, /usr/libexec/gvfsd-archive
20211216-155606-UTC, Linux steelyglint 5.4.0-90-generic #101-Ubuntu SMP Fri Oct 15 20:00:55 UTC 2021 x86_64 x86_64 x86_64 GNU/Linux, 71539698aa691718cee775d6b9450ae2, -rwxr-xr-x 1 root root 51K Jul 8 10:35, /usr/libexec/gsd-print-notifications
20211216-155606-UTC, Linux steelyglint 5.4.0-90-generic #101-Ubuntu SMP Fri Oct 15 20:00:55 UTC 2021 x86_64 x86_64 x86_64 GNU/Linux, f8363bb62475a7c6adac3695e5bd9113, -rwxr-xr-x 1 root root 39K Apr 14 2020, /usr/libexec/gvfsd-dnssd
20211216-155606-UTC, Linux steelyglint 5.4.0-90-generic #101-Ubuntu SMP Fri Oct 15 20:00:55 UTC 2021 x86_64 x86_64 x86_64 GNU/Linux, e58930f09a2c2fa9524042ccd4fb534f, -rwxr-xr-x 1 root root 47K Jul 23 12:28, /usr/libexec/csd-a11y-keyboard
20211216-155606-UTC, Linux steelyglint 5.4.0-90-generic #101-Ubuntu SMP Fri Oct 15 20:00:55 UTC 2021 x86_64 x86_64 x86_64 GNU/Linux, 4fb1106dad5ab9851b3bad309effa5d5, -rwxr-xr-x 1 root root 880K Dec 24 2019, /usr/libexec/xdg-desktop-portal
20211216-155606-UTC, Linux steelyglint 5.4.0-90-generic #101-Ubuntu SMP Fri Oct 15 20:00:55 UTC 2021 x86_64 x86_64 x86_64 GNU/Linux, a64839518af85b2b9de31aca27646396, -rwxr-xr-x 1 root root 19K Mar 26 2020, /usr/libexec/gnome-session-check-accelerated
20211216-155606-UTC, Linux steelyglint 5.4.0-90-generic #101-Ubuntu SMP Fri Oct 15 20:00:55 UTC 2021 x86_64 x86_64 x86_64 GNU/Linux, 072e0cf3cf241411ef77d0782d973b10, -rwxr-xr-x 1 root root 23K Mar 26 2020, /usr/libexec/gnome-session-failed
20211216-155606-UTC, Linux steelyglint 5.4.0-90-generic #101-Ubuntu SMP Fri Oct 15 20:00:55 UTC 2021 x86_64 x86_64 x86_64 GNU/Linux, 8e63ab01e590551c8eb75c8bde52f79c, -rwxr-xr-x 1 root root 131K Apr 7 2021, /usr/libexec/evolution-calendar-factory-subprocess
20211216-155606-UTC, Linux steelyglint 5.4.0-90-generic #101-Ubuntu SMP Fri Oct 15 20:00:55 UTC 2021 x86_64 x86_64 x86_64 GNU/Linux, e11bfb6f6d404cb043506d8216df1a5b, -rwxr-xr-x 1 root root 56K Jul 23 12:28, /usr/libexec/csd-xsettings
20211216-155606-UTC, Linux steelyglint 5.4.0-90-generic #101-Ubuntu SMP Fri Oct 15 20:00:55 UTC 2021 x86_64 x86_64 x86_64 GNU/Linux, 03249c4439d38c548025744886c03ea5, -rwxr-xr-x 1 root root 59K Mar 20 2020, /usr/libexec/colord-session
20211216-155606-UTC, Linux steelyglint 5.4.0-90-generic #101-Ubuntu SMP Fri Oct 15 20:00:55 UTC 2021 x86_64 x86_64 x86_64 GNU/Linux, 0e85bea551881d93d6b6abde1c984b92, -rwxr-xr-x 1 root root 119K Nov 22 12:30, /usr/libexec/xapps/sn-watcher/xapp-sn-watcher
20211216-155606-UTC, Linux steelyglint 5.4.0-90-generic #101-Ubuntu SMP Fri Oct 15 20:00:55 UTC 2021 x86_64 x86_64 x86_64 GNU/Linux, 6ca8c860e4b0b767aab3e2e042cf74c7, -rwxr-xr-x 1 root root 16K Nov 22 12:30, /usr/libexec/xapps/mate-xapp-status-applet.py
20211216-155606-UTC, Linux steelyglint 5.4.0-90-generic #101-Ubuntu SMP Fri Oct 15 20:00:55 UTC 2021 x86_64 x86_64 x86_64 GNU/Linux, 214cb4f5b7494a2151460e87b9e5dfcf, -rwxr-xr-x 1 root root 15K Jul 8 10:35, /usr/libexec/gsd-wacom-led-helper
20211216-155606-UTC, Linux steelyglint 5.4.0-90-generic #101-Ubuntu SMP Fri Oct 15 20:00:55 UTC 2021 x86_64 x86_64 x86_64 GNU/Linux, 800c8066d2f9b8ee66e5b0f2b5ceb8df, -rwxr-xr-x 1 root root 15K Apr 7 2021, /usr/libexec/evolution-addressbook-factory
20211216-155606-UTC, Linux steelyglint 5.4.0-90-generic #101-Ubuntu SMP Fri Oct 15 20:00:55 UTC 2021 x86_64 x86_64 x86_64 GNU/Linux, e95c7432b86cdb06220cc03bcf9452ef, -rwxr-xr-x 1 root root 15K Apr 7 2021, /usr/libexec/camel-gpg-photo-saver
20211216-155606-UTC, Linux steelyglint 5.4.0-90-generic #101-Ubuntu SMP Fri Oct 15 20:00:55 UTC 2021 x86_64 x86_64 x86_64 GNU/Linux, e8af2a7ae4fac666231d89c8b61e3b52, -rwxr-xr-x 1 root root 107K Apr 14 2020, /usr/libexec/gvfsd-ftp
20211216-155606-UTC, Linux steelyglint 5.4.0-90-generic #101-Ubuntu SMP Fri Oct 15 20:00:55 UTC 2021 x86_64 x86_64 x86_64 GNU/Linux, 7995828cf98c315fd55f2ffb3b22384d, -rwxr-xr-x 1 root root 31K Jul 8 10:35, /usr/libexec/gsd-printer
20211216-155606-UTC, Linux steelyglint 5.4.0-90-generic #101-Ubuntu SMP Fri Oct 15 20:00:55 UTC 2021 x86_64 x86_64 x86_64 GNU/Linux, e29d9025d98590fbb69f89fdbd4438b3, -rwxr-xr-x 1 root root 35K Jul 8 10:35, /usr/libexec/gsd-sharing
20211216-155606-UTC, Linux steelyglint 5.4.0-90-generic #101-Ubuntu SMP Fri Oct 15 20:00:55 UTC 2021 x86_64 x86_64 x86_64 GNU/Linux, a425448c135afb4b8bfd79cc0b6b74da, -rwxr-xr-x 1 root root 228K Jul 8 10:35, /usr/libexec/gsd-media-keys
20211216-155606-UTC, Linux steelyglint 5.4.0-90-generic #101-Ubuntu SMP Fri Oct 15 20:00:55 UTC 2021 x86_64 x86_64 x86_64 GNU/Linux, 7572a8c58c0a23a4546dd6e08d3a9154, -rwxr-xr-x 1 root root 39K Apr 14 2020, /usr/libexec/gvfsd-recent
20211216-155606-UTC, Linux steelyglint 5.4.0-90-generic #101-Ubuntu SMP Fri Oct 15 20:00:55 UTC 2021 x86_64 x86_64 x86_64 GNU/Linux, 08a12f661450f60ff85fba834eb8cbd5, -rwxr-xr-x 1 root root 363K Dec 4 2020, /usr/libexec/gnome-terminal-server
20211216-155606-UTC, Linux steelyglint 5.4.0-90-generic #101-Ubuntu SMP Fri Oct 15 20:00:55 UTC 2021 x86_64 x86_64 x86_64 GNU/Linux, 91ff4403e6f16e2196503ae51c580ff0, -rwxr-xr-x 1 root root 27K Jul 23 12:28, /usr/libexec/csd-a11y-settings
20211216-155606-UTC, Linux steelyglint 5.4.0-90-generic #101-Ubuntu SMP Fri Oct 15 20:00:55 UTC 2021 x86_64 x86_64 x86_64 GNU/Linux, 1c9b8b8b466cc3b27212ee9c1052a7b2, -rwxr-xr-x 1 root root 115K Apr 14 2020, /usr/libexec/gvfs-goa-volume-monitor
20211216-155606-UTC, Linux steelyglint 5.4.0-90-generic #101-Ubuntu SMP Fri Oct 15 20:00:55 UTC 2021 x86_64 x86_64 x86_64 GNU/Linux, 53084b773581d35976d3f55b3220c3a1, -rwxr-xr-x 1 root root 15K Mar 23 2019, /usr/libexec/installed-tests/rtkit/rtkit-test
20211216-155606-UTC, Linux steelyglint 5.4.0-90-generic #101-Ubuntu SMP Fri Oct 15 20:00:55 UTC 2021 x86_64 x86_64 x86_64 GNU/Linux, 1353af2dd109dca11f8023fb511d1c79, -rwxr-xr-x 1 root root 47K Apr 14 2020, /usr/libexec/gvfsd-computer
20211216-155606-UTC, Linux steelyglint 5.4.0-90-generic #101-Ubuntu SMP Fri Oct 15 20:00:55 UTC 2021 x86_64 x86_64 x86_64 GNU/Linux, 9614b135b39f22797a80f2ad2febfa8a, -rwxr-xr-x 1 root root 23K Nov 4 13:03, /usr/libexec/cinnamon/cinnamon-perf-helper
20211216-155606-UTC, Linux steelyglint 5.4.0-90-generic #101-Ubuntu SMP Fri Oct 15 20:00:55 UTC 2021 x86_64 x86_64 x86_64 GNU/Linux, cdfe3eb44928ad6ec92f43440dd1a4a4, -rwxr-xr-x 1 root root 35K Nov 4 13:03, /usr/libexec/cinnamon/cinnamon-hotplug-sniffer
20211216-155606-UTC, Linux steelyglint 5.4.0-90-generic #101-Ubuntu SMP Fri Oct 15 20:00:55 UTC 2021 x86_64 x86_64 x86_64 GNU/Linux, 77e309450c87dceee43f1a9e50cc0d02, -rwxr-xr-x 1 root root 27K Jul 8 10:35, /usr/libexec/gsd-screensaver-proxy
20211216-155606-UTC, Linux steelyglint 5.4.0-90-generic #101-Ubuntu SMP Fri Oct 15 20:00:55 UTC 2021 x86_64 x86_64 x86_64 GNU/Linux, 7d0b055efd82149156ece5b90581949f, -rwxr-xr-x 1 root root 27K Jul 23 12:28, /usr/libexec/csd-screensaver-proxy
20211216-155606-UTC, Linux steelyglint 5.4.0-90-generic #101-Ubuntu SMP Fri Oct 15 20:00:55 UTC 2021 x86_64 x86_64 x86_64 GNU/Linux, bed1d86bce70b17fd22c7a258b230903, -rwxr-xr-x 1 root root 885K Mar 5 2021, /usr/libexec/flatpak-portal
20211216-155606-UTC, Linux steelyglint 5.4.0-90-generic #101-Ubuntu SMP Fri Oct 15 20:00:55 UTC 2021 x86_64 x86_64 x86_64 GNU/Linux, 30ac5455f3c598dde91dc87477fb19f7, -rwxr-xr-x 1 root root 295K Feb 28 2020, /usr/libexec/geoclue
20211216-155606-UTC, Linux steelyglint 5.4.0-90-generic #101-Ubuntu SMP Fri Oct 15 20:00:55 UTC 2021 x86_64 x86_64 x86_64 GNU/Linux, b0d8829f05cd028529b84b061b660e84, -rwxr-xr-x 1 root root 123K Feb 22 2021, /usr/libexec/fprintd
20211216-155606-UTC, Linux steelyglint 5.4.0-90-generic #101-Ubuntu SMP Fri Oct 15 20:00:55 UTC 2021 x86_64 x86_64 x86_64 GNU/Linux, 41ddd447d3106372fd942374b4f4fc8b, -rwxr-xr-x 1 root root 51K Feb 28 2020, /usr/libexec/geoclue-2.0/demos/agent
20211216-155606-UTC, Linux steelyglint 5.4.0-90-generic #101-Ubuntu SMP Fri Oct 15 20:00:55 UTC 2021 x86_64 x86_64 x86_64 GNU/Linux, 3fa760f9cf4125f26a74c95f96e2042e, -rwxr-xr-x 1 root root 31K Jul 23 12:28, /usr/libexec/csd-printer
20211216-155606-UTC, Linux steelyglint 5.4.0-90-generic #101-Ubuntu SMP Fri Oct 15 20:00:55 UTC 2021 x86_64 x86_64 x86_64 GNU/Linux, 56f339bcd132a10d1af038b511ee0660, -rwxr-xr-x 1 root root 31K Jul 23 12:28, /usr/libexec/csd-input-helper
20211216-155606-UTC, Linux steelyglint 5.4.0-90-generic #101-Ubuntu SMP Fri Oct 15 20:00:55 UTC 2021 x86_64 x86_64 x86_64 GNU/Linux, 9aebc5d270acc39400081c36a3263495, -rwxr-xr-x 1 root root 51K Jun 25 15:15, /usr/libexec/xreaderd
20211216-155606-UTC, Linux steelyglint 5.4.0-90-generic #101-Ubuntu SMP Fri Oct 15 20:00:55 UTC 2021 x86_64 x86_64 x86_64 GNU/Linux, 0b37fb291fe746f59bfe186926ebf2e5, -rwxr-xr-x 1 root root 140K Apr 14 2020, /usr/libexec/gvfsd-afp
20211216-155606-UTC, Linux steelyglint 5.4.0-90-generic #101-Ubuntu SMP Fri Oct 15 20:00:55 UTC 2021 x86_64 x86_64 x86_64 GNU/Linux, d8008396097043b9ab6e559dbb8f4dc3, -rwxr-xr-x 1 root root 27K Jul 23 12:28, /usr/libexec/csd-orientation
20211216-155606-UTC, Linux steelyglint 5.4.0-90-generic #101-Ubuntu SMP Fri Oct 15 20:00:55 UTC 2021 x86_64 x86_64 x86_64 GNU/Linux, d9b90be4f7db60cb3c2d3da6a1d31bfb, -rwxr-xr-x 1 root root 327K Mar 26 2020, /usr/libexec/gnome-session-binary
20211216-155606-UTC, Linux steelyglint 5.4.0-90-generic #101-Ubuntu SMP Fri Oct 15 20:00:55 UTC 2021 x86_64 x86_64 x86_64 GNU/Linux, 69c0257bce1b5dec6a46eaef6395b1f8, -rwxr-xr-x 1 root root 119K Dec 24 2019, /usr/libexec/xdg-permission-store
20211216-155606-UTC, Linux steelyglint 5.4.0-90-generic #101-Ubuntu SMP Fri Oct 15 20:00:55 UTC 2021 x86_64 x86_64 x86_64 GNU/Linux, eb13685416925953b08be8779eae698d, -rwxr-xr-x 1 root root 19K Apr 7 2021, /usr/libexec/camel-index-control-1.2
20211216-155606-UTC, Linux steelyglint 5.4.0-90-generic #101-Ubuntu SMP Fri Oct 15 20:00:55 UTC 2021 x86_64 x86_64 x86_64 GNU/Linux, d987f5564fac947a2d89126fb8c76c83, -rwxr-xr-x 1 root root 31K Jan 4 2021, /usr/libexec/p11-kit/p11-kit-remote
20211216-155606-UTC, Linux steelyglint 5.4.0-90-generic #101-Ubuntu SMP Fri Oct 15 20:00:55 UTC 2021 x86_64 x86_64 x86_64 GNU/Linux, 2335024d86d992093adf493a87e7366e, -rwxr-xr-x 1 root root 43K Jan 4 2021, /usr/libexec/p11-kit/p11-kit-server
20211216-155606-UTC, Linux steelyglint 5.4.0-90-generic #101-Ubuntu SMP Fri Oct 15 20:00:55 UTC 2021 x86_64 x86_64 x86_64 GNU/Linux, c59de937b9665c74136df29170946d06, -rwxr-xr-x 1 root root 15K Jul 23 12:28, /usr/libexec/csd-wacom-led-helper
