20211219-063251-UTC, Linux 59ad733d61ab 5.4.0-91-generic #102-Ubuntu SMP Fri Nov 5 16:31:28 UTC 2021 x86_64 x86_64 x86_64 GNU/Linux, 3e3ebee3d4543b6b365c1216e7ae82c4, -rwxr-xr-x 1 root root 35K Aug 9 2019, /usr/bin/vmstat
20211219-063251-UTC, Linux 59ad733d61ab 5.4.0-91-generic #102-Ubuntu SMP Fri Nov 5 16:31:28 UTC 2021 x86_64 x86_64 x86_64 GNU/Linux, 21782cbf3842e3462b0970aa39fd9e42, -rwxr-xr-x 1 root root 59K Jan 18 2018, /usr/bin/shred
20211219-063251-UTC, Linux 59ad733d61ab 5.4.0-91-generic #102-Ubuntu SMP Fri Nov 5 16:31:28 UTC 2021 x86_64 x86_64 x86_64 GNU/Linux, 12bdde56d75d7f9fd35519381b8f2f78, -rwxr-xr-x 1 root root 43K Jan 18 2018, /usr/bin/head
20211219-063251-UTC, Linux 59ad733d61ab 5.4.0-91-generic #102-Ubuntu SMP Fri Nov 5 16:31:28 UTC 2021 x86_64 x86_64 x86_64 GNU/Linux, 481dbe5832f7ab614966efb8fb772565, -rwxr-xr-x 1 root root 43K Jun 15 2021, /usr/bin/apt-get
20211219-063251-UTC, Linux 59ad733d61ab 5.4.0-91-generic #102-Ubuntu SMP Fri Nov 5 16:31:28 UTC 2021 x86_64 x86_64 x86_64 GNU/Linux, c05a93f388cda40f894cbef8796a10f5, -rwxr-xr-x 1 root root 22K May 23 2018, /usr/bin/tset
20211219-063251-UTC, Linux 59ad733d61ab 5.4.0-91-generic #102-Ubuntu SMP Fri Nov 5 16:31:28 UTC 2021 x86_64 x86_64 x86_64 GNU/Linux, 458b74372ec39ca5eeb5c8d94d74ae01, -rwxr-xr-x 1 root root 63K Sep 16 2020, /usr/bin/lslogins
20211219-063251-UTC, Linux 59ad733d61ab 5.4.0-91-generic #102-Ubuntu SMP Fri Nov 5 16:31:28 UTC 2021 x86_64 x86_64 x86_64 GNU/Linux, 93664e683f3f571b6d6607a1f9c7b8b9, -rwxr-xr-x 1 root root 23K Sep 16 2020, /usr/bin/delpart
20211219-063251-UTC, Linux 59ad733d61ab 5.4.0-91-generic #102-Ubuntu SMP Fri Nov 5 16:31:28 UTC 2021 x86_64 x86_64 x86_64 GNU/Linux, 05a8bdcae69254b03acdfca20612e444, -rwxr-xr-x 1 root root 43K Sep 16 2020, /usr/bin/last
20211219-063251-UTC, Linux 59ad733d61ab 5.4.0-91-generic #102-Ubuntu SMP Fri Nov 5 16:31:28 UTC 2021 x86_64 x86_64 x86_64 GNU/Linux, 0c917ab3236307c7b4fe9d0805a27d2a, -rwxr-xr-x 1 root root 19K May 23 2018, /usr/bin/tput
20211219-063251-UTC, Linux 59ad733d61ab 5.4.0-91-generic #102-Ubuntu SMP Fri Nov 5 16:31:28 UTC 2021 x86_64 x86_64 x86_64 GNU/Linux, a3dbe2a6d3c4ad6aaf25b0c81cba0d51, -rwxr-xr-x 1 root root 31K Sep 16 2020, /usr/bin/flock
20211219-063251-UTC, Linux 59ad733d61ab 5.4.0-91-generic #102-Ubuntu SMP Fri Nov 5 16:31:28 UTC 2021 x86_64 x86_64 x86_64 GNU/Linux, c7615ab051d9f717d626ba11842ffcbd, -rwxr-xr-x 1 root root 39K Jan 18 2018, /usr/bin/unexpand
20211219-063251-UTC, Linux 59ad733d61ab 5.4.0-91-generic #102-Ubuntu SMP Fri Nov 5 16:31:28 UTC 2021 x86_64 x86_64 x86_64 GNU/Linux, 438f75b937269249052365ac2c594ea3, -rwxr-xr-x 1 root root 43K Jan 18 2018, /usr/bin/nl
20211219-063251-UTC, Linux 59ad733d61ab 5.4.0-91-generic #102-Ubuntu SMP Fri Nov 5 16:31:28 UTC 2021 x86_64 x86_64 x86_64 GNU/Linux, 97d4c52ad2403388ab944b86688e4708, -rwxr-xr-x 1 root root 31K Jan 18 2018, /usr/bin/hostid
20211219-063251-UTC, Linux 59ad733d61ab 5.4.0-91-generic #102-Ubuntu SMP Fri Nov 5 16:31:28 UTC 2021 x86_64 x86_64 x86_64 GNU/Linux, 2a4eb0fb5750ea8485035a388454e3fc, -rwxr-xr-x 1 root root 15K Sep 16 2020, /usr/bin/renice
20211219-063251-UTC, Linux 59ad733d61ab 5.4.0-91-generic #102-Ubuntu SMP Fri Nov 5 16:31:28 UTC 2021 x86_64 x86_64 x86_64 GNU/Linux, 2bb07b25da03857bf4f31ca2616a6950, -rwxr-xr-x 1 root root 35K Jan 18 2018, /usr/bin/runcon
20211219-063251-UTC, Linux 59ad733d61ab 5.4.0-91-generic #102-Ubuntu SMP Fri Nov 5 16:31:28 UTC 2021 x86_64 x86_64 x86_64 GNU/Linux, e62b8a67916db2efeeaefc5d900bb44b, -rwxr-xr-x 1 root root 43K Jan 18 2018, /usr/bin/wc
20211219-063251-UTC, Linux 59ad733d61ab 5.4.0-91-generic #102-Ubuntu SMP Fri Nov 5 16:31:28 UTC 2021 x86_64 x86_64 x86_64 GNU/Linux, b7a48bd96ff18a87f86613fa05675877, -rwxr-xr-x 1 root root 7.0K Jun 6 2019, /usr/bin/bashbug
20211219-063251-UTC, Linux 59ad733d61ab 5.4.0-91-generic #102-Ubuntu SMP Fri Nov 5 16:31:28 UTC 2021 x86_64 x86_64 x86_64 GNU/Linux, d87fcfdeda6ca1c62b94cf3903f4d707, -rwxr-xr-x 1 root root 43K Sep 16 2020, /usr/bin/lsmem
20211219-063251-UTC, Linux 59ad733d61ab 5.4.0-91-generic #102-Ubuntu SMP Fri Nov 5 16:31:28 UTC 2021 x86_64 x86_64 x86_64 GNU/Linux, be0fff4b34c3fc7154914ca590b32b68, -rwxr-xr-x 1 root root 43K Jan 18 2018, /usr/bin/id
20211219-063251-UTC, Linux 59ad733d61ab 5.4.0-91-generic #102-Ubuntu SMP Fri Nov 5 16:31:28 UTC 2021 x86_64 x86_64 x86_64 GNU/Linux, 970aaed3fb292f6888ab68b29805fd91, -rwxr-xr-x 1 root root 19K Dec 7 2020, /usr/bin/zdump
20211219-063251-UTC, Linux 59ad733d61ab 5.4.0-91-generic #102-Ubuntu SMP Fri Nov 5 16:31:28 UTC 2021 x86_64 x86_64 x86_64 GNU/Linux, b3ad2ab86ff7c296a20a8cd7cb7795c2, -rwxr-xr-x 1 root root 35K Sep 16 2020, /usr/bin/lslocks
20211219-063251-UTC, Linux 59ad733d61ab 5.4.0-91-generic #102-Ubuntu SMP Fri Nov 5 16:31:28 UTC 2021 x86_64 x86_64 x86_64 GNU/Linux, d34819dd5f64dbaca73303f07546664d, -rwxr-sr-x 1 root tty 31K Sep 16 2020, /usr/bin/wall
20211219-063251-UTC, Linux 59ad733d61ab 5.4.0-91-generic #102-Ubuntu SMP Fri Nov 5 16:31:28 UTC 2021 x86_64 x86_64 x86_64 GNU/Linux, 124b2b8ed0360010b80c0d0ab08120f8, -rwxr-xr-x 1 root root 123K Apr 3 2018, /usr/bin/mawk
20211219-063251-UTC, Linux 59ad733d61ab 5.4.0-91-generic #102-Ubuntu SMP Fri Nov 5 16:31:28 UTC 2021 x86_64 x86_64 x86_64 GNU/Linux, 69cf07a9d91aed74e61cbf3c5bd00f21, -rwxr-xr-x 1 root root 47K Jan 18 2018, /usr/bin/dircolors
20211219-063251-UTC, Linux 59ad733d61ab 5.4.0-91-generic #102-Ubuntu SMP Fri Nov 5 16:31:28 UTC 2021 x86_64 x86_64 x86_64 GNU/Linux, e3e705f4d6d31c6132496edd4538080f, -rwxr-xr-x 1 root root 31K Sep 16 2020, /usr/bin/mcookie
20211219-063251-UTC, Linux 59ad733d61ab 5.4.0-91-generic #102-Ubuntu SMP Fri Nov 5 16:31:28 UTC 2021 x86_64 x86_64 x86_64 GNU/Linux, 34dd2c24f04fde13e0ba87fa6926d4ac, -rwxr-xr-x 1 root root 27K Jun 15 2021, /usr/bin/apt-key
20211219-063251-UTC, Linux 59ad733d61ab 5.4.0-91-generic #102-Ubuntu SMP Fri Nov 5 16:31:28 UTC 2021 x86_64 x86_64 x86_64 GNU/Linux, 16b5bf97566083e4855797a5a5a2e2e8, -rwxr-xr-x 1 root root 51K Jan 18 2018, /usr/bin/printf
20211219-063251-UTC, Linux 59ad733d61ab 5.4.0-91-generic #102-Ubuntu SMP Fri Nov 5 16:31:28 UTC 2021 x86_64 x86_64 x86_64 GNU/Linux, c060d3a5f97e27066cef8c116785567a, -rwxr-xr-x 2 root root 2.1M Oct 19 2020, /usr/bin/perl
20211219-063251-UTC, Linux 59ad733d61ab 5.4.0-91-generic #102-Ubuntu SMP Fri Nov 5 16:31:28 UTC 2021 x86_64 x86_64 x86_64 GNU/Linux, 891a30fffc50ab392db3cb8f83658ef9, -rwxr-xr-x 1 root root 19K Sep 16 2020, /usr/bin/setarch
20211219-063251-UTC, Linux 59ad733d61ab 5.4.0-91-generic #102-Ubuntu SMP Fri Nov 5 16:31:28 UTC 2021 x86_64 x86_64 x86_64 GNU/Linux, 98bef9f16f3f9077d12da3069e3881b7, -rwxr-xr-x 1 root root 35K Jan 18 2018, /usr/bin/nproc
20211219-063251-UTC, Linux 59ad733d61ab 5.4.0-91-generic #102-Ubuntu SMP Fri Nov 5 16:31:28 UTC 2021 x86_64 x86_64 x86_64 GNU/Linux, 839b5ecfc0a3d3f2d1344c236e9e6ae8, -rwxr-xr-x 1 root root 31K Jan 18 2018, /usr/bin/unlink
20211219-063251-UTC, Linux 59ad733d61ab 5.4.0-91-generic #102-Ubuntu SMP Fri Nov 5 16:31:28 UTC 2021 x86_64 x86_64 x86_64 GNU/Linux, 9e9a1d41eef73204f3513278c1d6759b, -rwxr-xr-x 1 root root 39K Jan 18 2018, /usr/bin/base32
20211219-063251-UTC, Linux 59ad733d61ab 5.4.0-91-generic #102-Ubuntu SMP Fri Nov 5 16:31:28 UTC 2021 x86_64 x86_64 x86_64 GNU/Linux, 351957b29e9a665431a3ae499ce0e74a, -rwxr-xr-x 1 root root 2.9K May 6 2019, /usr/bin/debconf-set-selections
20211219-063251-UTC, Linux 59ad733d61ab 5.4.0-91-generic #102-Ubuntu SMP Fri Nov 5 16:31:28 UTC 2021 x86_64 x86_64 x86_64 GNU/Linux, 0521c0b47ed0fa6ee53cfab29645cb4f, -rwxr-xr-x 1 root root 1.2K Mar 12 2018, /usr/bin/sensible-browser
20211219-063251-UTC, Linux 59ad733d61ab 5.4.0-91-generic #102-Ubuntu SMP Fri Nov 5 16:31:28 UTC 2021 x86_64 x86_64 x86_64 GNU/Linux, 8a54c2462e48a1f8b461113e0fe7df56, -rwxr-xr-x 1 root root 143K Aug 4 2017, /usr/bin/diff
20211219-063251-UTC, Linux 59ad733d61ab 5.4.0-91-generic #102-Ubuntu SMP Fri Nov 5 16:31:28 UTC 2021 x86_64 x86_64 x86_64 GNU/Linux, 487066c6d4553864a1bdb770e64b2f77, -rwxr-xr-x 1 root root 35K Jan 18 2018, /usr/bin/env
20211219-063251-UTC, Linux 59ad733d61ab 5.4.0-91-generic #102-Ubuntu SMP Fri Nov 5 16:31:28 UTC 2021 x86_64 x86_64 x86_64 GNU/Linux, ad24db4ee744f5747cb4ef0ec7c1bace, -rwxr-xr-x 1 root root 23K Sep 16 2020, /usr/bin/addpart
20211219-063251-UTC, Linux 59ad733d61ab 5.4.0-91-generic #102-Ubuntu SMP Fri Nov 5 16:31:28 UTC 2021 x86_64 x86_64 x86_64 GNU/Linux, 02b774c3cf0ea04dc88b078fad41681c, -rwxr-xr-x 1 root root 1.7K May 6 2019, /usr/bin/debconf-copydb
20211219-063251-UTC, Linux 59ad733d61ab 5.4.0-91-generic #102-Ubuntu SMP Fri Nov 5 16:31:28 UTC 2021 x86_64 x86_64 x86_64 GNU/Linux, d5a372eacc25a3f29403d9ea5618741c, -rwxr-xr-x 1 root root 39K Jan 18 2018, /usr/bin/expand
20211219-063251-UTC, Linux 59ad733d61ab 5.4.0-91-generic #102-Ubuntu SMP Fri Nov 5 16:31:28 UTC 2021 x86_64 x86_64 x86_64 GNU/Linux, f1a03058463e05bbf5b28b074060c5cb, -rwxr-xr-x 1 root root 31K Jan 18 2018, /usr/bin/link
20211219-063251-UTC, Linux 59ad733d61ab 5.4.0-91-generic #102-Ubuntu SMP Fri Nov 5 16:31:28 UTC 2021 x86_64 x86_64 x86_64 GNU/Linux, a925bf2209c2fcf0c7e3ab47368d4545, -rwxr-xr-x 1 root root 19K Sep 16 2020, /usr/bin/unshare
20211219-063251-UTC, Linux 59ad733d61ab 5.4.0-91-generic #102-Ubuntu SMP Fri Nov 5 16:31:28 UTC 2021 x86_64 x86_64 x86_64 GNU/Linux, ae87a276ea911dbabbf91521bf72c943, -rwxr-xr-x 1 root root 31K Jan 18 2018, /usr/bin/whoami
20211219-063251-UTC, Linux 59ad733d61ab 5.4.0-91-generic #102-Ubuntu SMP Fri Nov 5 16:31:28 UTC 2021 x86_64 x86_64 x86_64 GNU/Linux, 81567d74e4af1996b5acb01c06b18a00, -rwxr-xr-x 1 root root 31K Sep 16 2020, /usr/bin/chrt
20211219-063251-UTC, Linux 59ad733d61ab 5.4.0-91-generic #102-Ubuntu SMP Fri Nov 5 16:31:28 UTC 2021 x86_64 x86_64 x86_64 GNU/Linux, addf2f7a3aa68937c1e1f774c096ff1e, -rwxr-xr-x 1 root root 47K Jan 18 2018, /usr/bin/stdbuf
20211219-063251-UTC, Linux 59ad733d61ab 5.4.0-91-generic #102-Ubuntu SMP Fri Nov 5 16:31:28 UTC 2021 x86_64 x86_64 x86_64 GNU/Linux, 33d8447ad6ed6c088b46c7a481f961f1, -rwxr-xr-x 1 root root 111K Jan 18 2018, /usr/bin/sort
20211219-063251-UTC, Linux 59ad733d61ab 5.4.0-91-generic #102-Ubuntu SMP Fri Nov 5 16:31:28 UTC 2021 x86_64 x86_64 x86_64 GNU/Linux, b33b000f466ccaa3c9538d5b89232d3d, -rwxr-xr-x 1 root root 31K Sep 16 2020, /usr/bin/taskset
20211219-063251-UTC, Linux 59ad733d61ab 5.4.0-91-generic #102-Ubuntu SMP Fri Nov 5 16:31:28 UTC 2021 x86_64 x86_64 x86_64 GNU/Linux, 572e29027852146699918eedc4ced392, -rwxr-sr-x 1 root shadow 71K Mar 22 2019, /usr/bin/chage
20211219-063251-UTC, Linux 59ad733d61ab 5.4.0-91-generic #102-Ubuntu SMP Fri Nov 5 16:31:28 UTC 2021 x86_64 x86_64 x86_64 GNU/Linux, 690b7b68d32e762a80706d0982d4a931, -rwxr-xr-x 1 root root 59K Jan 18 2018, /usr/bin/sha512sum
20211219-063251-UTC, Linux 59ad733d61ab 5.4.0-91-generic #102-Ubuntu SMP Fri Nov 5 16:31:28 UTC 2021 x86_64 x86_64 x86_64 GNU/Linux, 22e60fe2a9381a84376c379f0acb2a1a, -rwxr-xr-x 1 root root 10K Jan 22 2020, /usr/bin/lsattr
20211219-063251-UTC, Linux 59ad733d61ab 5.4.0-91-generic #102-Ubuntu SMP Fri Nov 5 16:31:28 UTC 2021 x86_64 x86_64 x86_64 GNU/Linux, fd03a0b960f2407016ff68d2b3ffd499, -rwxr-xr-x 1 root root 55K Jan 18 2018, /usr/bin/b2sum
20211219-063251-UTC, Linux 59ad733d61ab 5.4.0-91-generic #102-Ubuntu SMP Fri Nov 5 16:31:28 UTC 2021 x86_64 x86_64 x86_64 GNU/Linux, 6fcc2d7b98d891893fd9362fadc6b04d, -rwxr-xr-x 1 root root 147K Sep 5 2019, /usr/bin/dpkg-query
20211219-063251-UTC, Linux 59ad733d61ab 5.4.0-91-generic #102-Ubuntu SMP Fri Nov 5 16:31:28 UTC 2021 x86_64 x86_64 x86_64 GNU/Linux, a2061088ef2f23fd70ece7c2a79aee3e, -rwxr-xr-x 1 root root 19K Sep 5 2019, /usr/bin/dpkg-maintscript-helper
20211219-063251-UTC, Linux 59ad733d61ab 5.4.0-91-generic #102-Ubuntu SMP Fri Nov 5 16:31:28 UTC 2021 x86_64 x86_64 x86_64 GNU/Linux, 9d278b45d8d1ad2ef8cff8579d81237d, -rwxr-xr-x 1 root root 11K Dec 30 2017, /usr/bin/savelog
20211219-063251-UTC, Linux 59ad733d61ab 5.4.0-91-generic #102-Ubuntu SMP Fri Nov 5 16:31:28 UTC 2021 x86_64 x86_64 x86_64 GNU/Linux, 475f3cafe9fd3b5bcb055173ebee584c, -rwxr-xr-x 1 root root 15K Sep 16 2020, /usr/bin/getopt
20211219-063251-UTC, Linux 59ad733d61ab 5.4.0-91-generic #102-Ubuntu SMP Fri Nov 5 16:31:28 UTC 2021 x86_64 x86_64 x86_64 GNU/Linux, 93297b45c91ca4f32a50073cbc0474ea, -rwxr-xr-x 1 root root 99K Jan 18 2018, /usr/bin/du
20211219-063251-UTC, Linux 59ad733d61ab 5.4.0-91-generic #102-Ubuntu SMP Fri Nov 5 16:31:28 UTC 2021 x86_64 x86_64 x86_64 GNU/Linux, ed77f834fd2c8c12a86189015990a20d, -rwxr-xr-x 1 root root 27K Aug 9 2019, /usr/bin/pgrep
20211219-063251-UTC, Linux 59ad733d61ab 5.4.0-91-generic #102-Ubuntu SMP Fri Nov 5 16:31:28 UTC 2021 x86_64 x86_64 x86_64 GNU/Linux, 1630e1c1a774dd9c4ff16946748411ce, -rwxr-xr-x 1 root root 35K Jan 18 2018, /usr/bin/groups
20211219-063251-UTC, Linux 59ad733d61ab 5.4.0-91-generic #102-Ubuntu SMP Fri Nov 5 16:31:28 UTC 2021 x86_64 x86_64 x86_64 GNU/Linux, 5cd108c74834db5a7f89ce650a63d339, -rwxr-xr-x 1 root root 47K Jan 18 2018, /usr/bin/seq
20211219-063251-UTC, Linux 59ad733d61ab 5.4.0-91-generic #102-Ubuntu SMP Fri Nov 5 16:31:28 UTC 2021 x86_64 x86_64 x86_64 GNU/Linux, d8486b1dc1687cd4ea196c5d9073dcfe, -rwxr-xr-x 1 root root 19K Mar 22 2019, /usr/bin/lastlog
20211219-063251-UTC, Linux 59ad733d61ab 5.4.0-91-generic #102-Ubuntu SMP Fri Nov 5 16:31:28 UTC 2021 x86_64 x86_64 x86_64 GNU/Linux, 89c8ce72d3a254eef7d4a5a1e33e3618, -rwxr-xr-x 1 root root 27K Sep 16 2020, /usr/bin/namei
20211219-063251-UTC, Linux 59ad733d61ab 5.4.0-91-generic #102-Ubuntu SMP Fri Nov 5 16:31:28 UTC 2021 x86_64 x86_64 x86_64 GNU/Linux, 73cbbdbcb8b941a0927931ab1de9617e, -rwxr-xr-x 1 root root 47K Aug 4 2017, /usr/bin/cmp
20211219-063251-UTC, Linux 59ad733d61ab 5.4.0-91-generic #102-Ubuntu SMP Fri Nov 5 16:31:28 UTC 2021 x86_64 x86_64 x86_64 GNU/Linux, 7efe3a6a09fbfd91b3e4a4ec481a909d, -rwxr-xr-x 1 root root 51K Sep 16 2020, /usr/bin/ipcs
20211219-063251-UTC, Linux 59ad733d61ab 5.4.0-91-generic #102-Ubuntu SMP Fri Nov 5 16:31:28 UTC 2021 x86_64 x86_64 x86_64 GNU/Linux, c8e549c7fbfae77da4cf1fb27e9a40ab, -rwxr-xr-x 1 root root 87K Sep 16 2020, /usr/bin/partx
20211219-063251-UTC, Linux 59ad733d61ab 5.4.0-91-generic #102-Ubuntu SMP Fri Nov 5 16:31:28 UTC 2021 x86_64 x86_64 x86_64 GNU/Linux, 71ad0f8454719e1825df83767ac2f7dc, -rwxr-xr-x 1 root root 51K Aug 4 2017, /usr/bin/sdiff
20211219-063251-UTC, Linux 59ad733d61ab 5.4.0-91-generic #102-Ubuntu SMP Fri Nov 5 16:31:28 UTC 2021 x86_64 x86_64 x86_64 GNU/Linux, dfcc4f9f0783fbf0a5a378b7483afb1a, -rwxr-xr-x 1 root root 16K Dec 7 2020, /usr/bin/tzselect
20211219-063251-UTC, Linux 59ad733d61ab 5.4.0-91-generic #102-Ubuntu SMP Fri Nov 5 16:31:28 UTC 2021 x86_64 x86_64 x86_64 GNU/Linux, 71527f6adcb23720ad7bea023825446f, -rwxr-xr-x 1 root root 59K Jan 18 2018, /usr/bin/sha384sum
20211219-063251-UTC, Linux 59ad733d61ab 5.4.0-91-generic #102-Ubuntu SMP Fri Nov 5 16:31:28 UTC 2021 x86_64 x86_64 x86_64 GNU/Linux, 5d5766f56a5d4456afdfd50006f26b0b, -rwxr-xr-x 1 root root 39K Sep 16 2020, /usr/bin/resizepart
20211219-063251-UTC, Linux 59ad733d61ab 5.4.0-91-generic #102-Ubuntu SMP Fri Nov 5 16:31:28 UTC 2021 x86_64 x86_64 x86_64 GNU/Linux, 2117435523b1577dad86a8c27bffbc6f, -rwxr-xr-x 1 root root 31K Jan 18 2018, /usr/bin/printenv
20211219-063251-UTC, Linux 59ad733d61ab 5.4.0-91-generic #102-Ubuntu SMP Fri Nov 5 16:31:28 UTC 2021 x86_64 x86_64 x86_64 GNU/Linux, f11b2b59639b1edcb46026472786c747, -rwxr-xr-x 1 root root 233K Nov 5 2017, /usr/bin/find
20211219-063251-UTC, Linux 59ad733d61ab 5.4.0-91-generic #102-Ubuntu SMP Fri Nov 5 16:31:28 UTC 2021 x86_64 x86_64 x86_64 GNU/Linux, 20a97a908bab82c24a0ae2f8986e0ce8, -rwxr-xr-x 1 root root 19K Mar 22 2019, /usr/bin/faillog
20211219-063251-UTC, Linux 59ad733d61ab 5.4.0-91-generic #102-Ubuntu SMP Fri Nov 5 16:31:28 UTC 2021 x86_64 x86_64 x86_64 GNU/Linux, a2771dae227529bf2a66cb30d2efafb5, -rwxr-xr-x 1 root root 23K Sep 16 2020, /usr/bin/utmpdump
20211219-063251-UTC, Linux 59ad733d61ab 5.4.0-91-generic #102-Ubuntu SMP Fri Nov 5 16:31:28 UTC 2021 x86_64 x86_64 x86_64 GNU/Linux, 830ac3687f0fd39e758bf3234c63370f, -rwxr-xr-x 1 root root 27K Sep 16 2020, /usr/bin/ipcrm
20211219-063251-UTC, Linux 59ad733d61ab 5.4.0-91-generic #102-Ubuntu SMP Fri Nov 5 16:31:28 UTC 2021 x86_64 x86_64 x86_64 GNU/Linux, 9667b0261cac6f775e0bce8d5b390cf6, -rwxr-xr-x 1 root root 608 May 6 2019, /usr/bin/debconf-communicate
20211219-063251-UTC, Linux 59ad733d61ab 5.4.0-91-generic #102-Ubuntu SMP Fri Nov 5 16:31:28 UTC 2021 x86_64 x86_64 x86_64 GNU/Linux, fdd4d89a22c3ec51c1251a22f5ce6691, -rwxr-xr-x 1 root root 47K Sep 16 2020, /usr/bin/logger
20211219-063251-UTC, Linux 59ad733d61ab 5.4.0-91-generic #102-Ubuntu SMP Fri Nov 5 16:31:28 UTC 2021 x86_64 x86_64 x86_64 GNU/Linux, 32c9a9a431ccf867c0bc43fe89ff2ac5, -rwxr-xr-x 1 root root 71K Nov 5 2017, /usr/bin/xargs
20211219-063251-UTC, Linux 59ad733d61ab 5.4.0-91-generic #102-Ubuntu SMP Fri Nov 5 16:31:28 UTC 2021 x86_64 x86_64 x86_64 GNU/Linux, 9019fc8a62c2710a4b949d405923595b, -rwxr-xr-x 1 root root 43K Jun 15 2021, /usr/bin/apt-mark
20211219-063251-UTC, Linux 59ad733d61ab 5.4.0-91-generic #102-Ubuntu SMP Fri Nov 5 16:31:28 UTC 2021 x86_64 x86_64 x86_64 GNU/Linux, 33d8c8e092458e35ed45a709aa64a99b, -rwxr-xr-x 1 root root 31K Jan 18 2018, /usr/bin/yes
20211219-063251-UTC, Linux 59ad733d61ab 5.4.0-91-generic #102-Ubuntu SMP Fri Nov 5 16:31:28 UTC 2021 x86_64 x86_64 x86_64 GNU/Linux, b7a2b672af422ee3af38d3615daab813, -rwxr-xr-x 1 root root 151K Sep 5 2019, /usr/bin/dpkg-deb
20211219-063251-UTC, Linux 59ad733d61ab 5.4.0-91-generic #102-Ubuntu SMP Fri Nov 5 16:31:28 UTC 2021 x86_64 x86_64 x86_64 GNU/Linux, 700b565a527c11e88fc00b59a5c92904, -rwxr-xr-x 1 root root 39K Sep 16 2020, /usr/bin/lsns
20211219-063251-UTC, Linux 59ad733d61ab 5.4.0-91-generic #102-Ubuntu SMP Fri Nov 5 16:31:28 UTC 2021 x86_64 x86_64 x86_64 GNU/Linux, 85d6b986559b45588347efe6b0e7c62b, -rwxr-xr-x 1 root root 14K May 23 2018, /usr/bin/tabs
20211219-063251-UTC, Linux 59ad733d61ab 5.4.0-91-generic #102-Ubuntu SMP Fri Nov 5 16:31:28 UTC 2021 x86_64 x86_64 x86_64 GNU/Linux, 6cdbbe5ee0ba6345e6fbeb3b01357954, -rwxr-xr-x 1 root root 143K Jan 18 2018, /usr/bin/install
20211219-063251-UTC, Linux 59ad733d61ab 5.4.0-91-generic #102-Ubuntu SMP Fri Nov 5 16:31:28 UTC 2021 x86_64 x86_64 x86_64 GNU/Linux, 2efc1e3d55871d58e74e564113af8da0, -rwxr-xr-x 1 root root 35K Jan 18 2018, /usr/bin/cksum
20211219-063251-UTC, Linux 59ad733d61ab 5.4.0-91-generic #102-Ubuntu SMP Fri Nov 5 16:31:28 UTC 2021 x86_64 x86_64 x86_64 GNU/Linux, 824510348efef6feadd77b35fd718b9c, -rwxr-xr-x 1 root root 27K Sep 16 2020, /usr/bin/ipcmk
20211219-063251-UTC, Linux 59ad733d61ab 5.4.0-91-generic #102-Ubuntu SMP Fri Nov 5 16:31:28 UTC 2021 x86_64 x86_64 x86_64 GNU/Linux, 7713af92eee8a615f1309492e63ecf49, -rwxr-xr-x 1 root root 35K Jan 18 2018, /usr/bin/nice
20211219-063251-UTC, Linux 59ad733d61ab 5.4.0-91-generic #102-Ubuntu SMP Fri Nov 5 16:31:28 UTC 2021 x86_64 x86_64 x86_64 GNU/Linux, 00a1ecf180104ef692826f295fe47b68, -rwxr-xr-x 1 root root 10K Sep 6 10:47, /usr/bin/locale-check
20211219-063251-UTC, Linux 59ad733d61ab 5.4.0-91-generic #102-Ubuntu SMP Fri Nov 5 16:31:28 UTC 2021 x86_64 x86_64 x86_64 GNU/Linux, ee2c4fe71e37adae95d2f9ebe78dded4, -rwxr-xr-x 1 root root 79K Jan 18 2018, /usr/bin/stat
20211219-063251-UTC, Linux 59ad733d61ab 5.4.0-91-generic #102-Ubuntu SMP Fri Nov 5 16:31:28 UTC 2021 x86_64 x86_64 x86_64 GNU/Linux, acd8a793e8da8701aa02d0a489c83c55, -rwxr-xr-x 1 root root 331K Dec 7 2020, /usr/bin/localedef
20211219-063251-UTC, Linux 59ad733d61ab 5.4.0-91-generic #102-Ubuntu SMP Fri Nov 5 16:31:28 UTC 2021 x86_64 x86_64 x86_64 GNU/Linux, 6df7d395f2645190dc14de7c8f734f60, -rwxr-xr-x 1 root root 47K Jan 18 2018, /usr/bin/join
20211219-063251-UTC, Linux 59ad733d61ab 5.4.0-91-generic #102-Ubuntu SMP Fri Nov 5 16:31:28 UTC 2021 x86_64 x86_64 x86_64 GNU/Linux, ad98d4498319ed89f3b099ad1a7bc8ad, -rwxr-xr-x 1 root root 19K Aug 9 2019, /usr/bin/w.procps
20211219-063251-UTC, Linux 59ad733d61ab 5.4.0-91-generic #102-Ubuntu SMP Fri Nov 5 16:31:28 UTC 2021 x86_64 x86_64 x86_64 GNU/Linux, 34648d4a53a8dd0373280cce26f81f37, -rwxr-xr-x 1 root root 139K Sep 5 2019, /usr/bin/dpkg-divert
20211219-063251-UTC, Linux 59ad733d61ab 5.4.0-91-generic #102-Ubuntu SMP Fri Nov 5 16:31:28 UTC 2021 x86_64 x86_64 x86_64 GNU/Linux, e9f5c965baf34d0562ae9a4df5a7f978, -rwxr-xr-x 1 root root 31K Jan 18 2018, /usr/bin/dirname
20211219-063251-UTC, Linux 59ad733d61ab 5.4.0-91-generic #102-Ubuntu SMP Fri Nov 5 16:31:28 UTC 2021 x86_64 x86_64 x86_64 GNU/Linux, 7afbc40ded9b343b67322f9252e95132, -rwxr-xr-x 1 root root 19K Aug 9 2019, /usr/bin/slabtop
20211219-063251-UTC, Linux 59ad733d61ab 5.4.0-91-generic #102-Ubuntu SMP Fri Nov 5 16:31:28 UTC 2021 x86_64 x86_64 x86_64 GNU/Linux, a19eb310d59fbd9d51ca318c0d56751a, -rwxr-xr-x 1 root root 15K Aug 9 2019, /usr/bin/tload
20211219-063251-UTC, Linux 59ad733d61ab 5.4.0-91-generic #102-Ubuntu SMP Fri Nov 5 16:31:28 UTC 2021 x86_64 x86_64 x86_64 GNU/Linux, 0d802d5222b1016427e17b7659f3aa39, -rwxr-xr-x 1 root root 39K Jan 18 2018, /usr/bin/timeout
20211219-063251-UTC, Linux 59ad733d61ab 5.4.0-91-generic #102-Ubuntu SMP Fri Nov 5 16:31:28 UTC 2021 x86_64 x86_64 x86_64 GNU/Linux, 357efeaf8e5f8e10a73c3f89541d911d, -rwxr-xr-x 1 root root 11K Aug 9 2019, /usr/bin/pwdx
20211219-063251-UTC, Linux 59ad733d61ab 5.4.0-91-generic #102-Ubuntu SMP Fri Nov 5 16:31:28 UTC 2021 x86_64 x86_64 x86_64 GNU/Linux, 1276012df643b16ec56dc3148c7f49e2, -rwxr-xr-x 1 root root 67K Sep 5 2019, /usr/bin/dpkg-trigger
20211219-063251-UTC, Linux 59ad733d61ab 5.4.0-91-generic #102-Ubuntu SMP Fri Nov 5 16:31:28 UTC 2021 x86_64 x86_64 x86_64 GNU/Linux, c44fa829db88f5b425b21008379b25de, -rwxr-xr-x 1 root root 31K Dec 7 2020, /usr/bin/getconf
20211219-063251-UTC, Linux 59ad733d61ab 5.4.0-91-generic #102-Ubuntu SMP Fri Nov 5 16:31:28 UTC 2021 x86_64 x86_64 x86_64 GNU/Linux, 9a5a9719a760c4bdd8f0c2c9ab97d403, -rwxr-xr-x 1 root root 63K Jan 18 2018, /usr/bin/numfmt
20211219-063251-UTC, Linux 59ad733d61ab 5.4.0-91-generic #102-Ubuntu SMP Fri Nov 5 16:31:28 UTC 2021 x86_64 x86_64 x86_64 GNU/Linux, 77784085e33c0f0b7c33bd79e85a41d2, -rwxr-xr-x 1 root root 27K Sep 16 2020, /usr/bin/fallocate
20211219-063251-UTC, Linux 59ad733d61ab 5.4.0-91-generic #102-Ubuntu SMP Fri Nov 5 16:31:28 UTC 2021 x86_64 x86_64 x86_64 GNU/Linux, e2193426e7bf0d0d6c30f632aad55fff, -rwxr-xr-x 1 root root 1.8K May 6 2019, /usr/bin/debconf-show
20211219-063251-UTC, Linux 59ad733d61ab 5.4.0-91-generic #102-Ubuntu SMP Fri Nov 5 16:31:28 UTC 2021 x86_64 x86_64 x86_64 GNU/Linux, beaf6f86186972868c4cbc52c5b8eb33, -rwxr-xr-x 1 root root 10K May 23 2018, /usr/bin/clear
20211219-063251-UTC, Linux 59ad733d61ab 5.4.0-91-generic #102-Ubuntu SMP Fri Nov 5 16:31:28 UTC 2021 x86_64 x86_64 x86_64 GNU/Linux, 273493bc1c99dd53905deb824360e359, -rwxr-xr-x 1 root root 31K Jan 18 2018, /usr/bin/logname
20211219-063251-UTC, Linux 59ad733d61ab 5.4.0-91-generic #102-Ubuntu SMP Fri Nov 5 16:31:28 UTC 2021 x86_64 x86_64 x86_64 GNU/Linux, b1ceaba9797fbdd2dba604e9e84598d4, -rwxr-xr-x 1 root root 39K Jan 18 2018, /usr/bin/base64
20211219-063251-UTC, Linux 59ad733d61ab 5.4.0-91-generic #102-Ubuntu SMP Fri Nov 5 16:31:28 UTC 2021 x86_64 x86_64 x86_64 GNU/Linux, ba5fb6279a2122eaae1136fbca26c826, -rwxr-xr-x 1 root root 55K Jan 18 2018, /usr/bin/sha256sum
20211219-063251-UTC, Linux 59ad733d61ab 5.4.0-91-generic #102-Ubuntu SMP Fri Nov 5 16:31:28 UTC 2021 x86_64 x86_64 x86_64 GNU/Linux, 369ee6713725948f53401e9db7cf563b, -rwxr-xr-x 1 root root 39K Jan 18 2018, /usr/bin/truncate
20211219-063251-UTC, Linux 59ad733d61ab 5.4.0-91-generic #102-Ubuntu SMP Fri Nov 5 16:31:28 UTC 2021 x86_64 x86_64 x86_64 GNU/Linux, de87958520d26b6b1a490c7eb01e9cf3, -rwxr-xr-x 1 root root 119K Sep 5 2019, /usr/bin/dpkg-split
20211219-063251-UTC, Linux 59ad733d61ab 5.4.0-91-generic #102-Ubuntu SMP Fri Nov 5 16:31:28 UTC 2021 x86_64 x86_64 x86_64 GNU/Linux, 4d9bab39a045881ad6599b4a099cd73a, -rwxr-xr-x 1 root root 11K Dec 30 2017, /usr/bin/ischroot
20211219-063251-UTC, Linux 59ad733d61ab 5.4.0-91-generic #102-Ubuntu SMP Fri Nov 5 16:31:28 UTC 2021 x86_64 x86_64 x86_64 GNU/Linux, f52764b12273283daa9a48b9784923fb, -rwsr-xr-x 1 root root 75K Mar 22 2019, /usr/bin/gpasswd
20211219-063251-UTC, Linux 59ad733d61ab 5.4.0-91-generic #102-Ubuntu SMP Fri Nov 5 16:31:28 UTC 2021 x86_64 x86_64 x86_64 GNU/Linux, 0e5867134ae8dd41ce1b37b071e32359, -rwxr-xr-x 1 root root 31K Dec 7 2020, /usr/bin/getent
20211219-063251-UTC, Linux 59ad733d61ab 5.4.0-91-generic #102-Ubuntu SMP Fri Nov 5 16:31:28 UTC 2021 x86_64 x86_64 x86_64 GNU/Linux, 50d9cc3b5ead4e9caf3acb45fc7cc9bf, -rwxr-xr-x 1 root root 43K Sep 16 2020, /usr/bin/setterm
20211219-063251-UTC, Linux 59ad733d61ab 5.4.0-91-generic #102-Ubuntu SMP Fri Nov 5 16:31:28 UTC 2021 x86_64 x86_64 x86_64 GNU/Linux, fd17460e729a5867b37b2f7fa1cad80f, -rwxr-xr-x 1 root root 2.4K Mar 12 2018, /usr/bin/select-editor
20211219-063251-UTC, Linux 59ad733d61ab 5.4.0-91-generic #102-Ubuntu SMP Fri Nov 5 16:31:28 UTC 2021 x86_64 x86_64 x86_64 GNU/Linux, a3ffb11f0ee27177e1a425c4c7e395c0, -rwxr-xr-x 1 root root 43K Jan 18 2018, /usr/bin/uniq
20211219-063251-UTC, Linux 59ad733d61ab 5.4.0-91-generic #102-Ubuntu SMP Fri Nov 5 16:31:28 UTC 2021 x86_64 x86_64 x86_64 GNU/Linux, 6e9660055737c44903ede6e76f328598, -rwxr-xr-x 1 root root 428K Jan 16 2021, /usr/bin/gpgv
20211219-063251-UTC, Linux 59ad733d61ab 5.4.0-91-generic #102-Ubuntu SMP Fri Nov 5 16:31:28 UTC 2021 x86_64 x86_64 x86_64 GNU/Linux, c060d3a5f97e27066cef8c116785567a, -rwxr-xr-x 2 root root 2.1M Oct 19 2020, /usr/bin/perl5.26.1
20211219-063251-UTC, Linux 59ad733d61ab 5.4.0-91-generic #102-Ubuntu SMP Fri Nov 5 16:31:28 UTC 2021 x86_64 x86_64 x86_64 GNU/Linux, 95b6ddc4121fececc6cceb023830612d, -rwxr-xr-x 1 root root 15K Sep 16 2020, /usr/bin/rename.ul
20211219-063251-UTC, Linux 59ad733d61ab 5.4.0-91-generic #102-Ubuntu SMP Fri Nov 5 16:31:28 UTC 2021 x86_64 x86_64 x86_64 GNU/Linux, 95010c805a5b4e1dfc80460079fb825b, -rwxr-xr-x 1 root root 31K Sep 16 2020, /usr/bin/script
20211219-063251-UTC, Linux 59ad733d61ab 5.4.0-91-generic #102-Ubuntu SMP Fri Nov 5 16:31:28 UTC 2021 x86_64 x86_64 x86_64 GNU/Linux, b1d20233b719680f648a8f42e3408c44, -rwxr-xr-x 1 root root 71K Jan 18 2018, /usr/bin/ptx
20211219-063251-UTC, Linux 59ad733d61ab 5.4.0-91-generic #102-Ubuntu SMP Fri Nov 5 16:31:28 UTC 2021 x86_64 x86_64 x86_64 GNU/Linux, 19c67e6eb300e9c61f80aa6b76719bdd, -rwxr-xr-x 1 root root 12K May 6 2019, /usr/bin/debconf-apt-progress
20211219-063251-UTC, Linux 59ad733d61ab 5.4.0-91-generic #102-Ubuntu SMP Fri Nov 5 16:31:28 UTC 2021 x86_64 x86_64 x86_64 GNU/Linux, 49e7d76253533efd4d900599772795f4, -rwxr-xr-x 1 root root 79K Jun 15 2021, /usr/bin/apt-cache
20211219-063251-UTC, Linux 59ad733d61ab 5.4.0-91-generic #102-Ubuntu SMP Fri Nov 5 16:31:28 UTC 2021 x86_64 x86_64 x86_64 GNU/Linux, 28dd783b5c8fd67113612088ea29edda, -rwxr-xr-x 1 root root 39K Jan 18 2018, /usr/bin/tac
20211219-063251-UTC, Linux 59ad733d61ab 5.4.0-91-generic #102-Ubuntu SMP Fri Nov 5 16:31:28 UTC 2021 x86_64 x86_64 x86_64 GNU/Linux, 506418495861b39fcc09669a0db98aa2, -rwxr-xr-x 1 root root 35K Jan 18 2018, /usr/bin/arch
20211219-063251-UTC, Linux 59ad733d61ab 5.4.0-91-generic #102-Ubuntu SMP Fri Nov 5 16:31:28 UTC 2021 x86_64 x86_64 x86_64 GNU/Linux, 3ff6448c6d868050a61c535ba8ba2aa9, -rwxr-xr-x 1 root root 23K Jun 15 2021, /usr/bin/apt-config
20211219-063251-UTC, Linux 59ad733d61ab 5.4.0-91-generic #102-Ubuntu SMP Fri Nov 5 16:31:28 UTC 2021 x86_64 x86_64 x86_64 GNU/Linux, bb64e952de310d2d39a223c91cddf752, -rwxr-xr-x 1 root root 1.1K Mar 12 2018, /usr/bin/sensible-editor
20211219-063251-UTC, Linux 59ad733d61ab 5.4.0-91-generic #102-Ubuntu SMP Fri Nov 5 16:31:28 UTC 2021 x86_64 x86_64 x86_64 GNU/Linux, 9e0d13be90862937242d7fbfe2e05504, -rwxr-xr-x 1 root root 51K Jan 18 2018, /usr/bin/[
20211219-063251-UTC, Linux 59ad733d61ab 5.4.0-91-generic #102-Ubuntu SMP Fri Nov 5 16:31:28 UTC 2021 x86_64 x86_64 x86_64 GNU/Linux, b79758609914cf2eba2dd75d22e38bd8, -rwxr-sr-x 1 root shadow 23K Mar 22 2019, /usr/bin/expiry
20211219-063251-UTC, Linux 59ad733d61ab 5.4.0-91-generic #102-Ubuntu SMP Fri Nov 5 16:31:28 UTC 2021 x86_64 x86_64 x86_64 GNU/Linux, 3ca58f8fd1dcbe00d7eb0436c1cbe1e5, -rwxr-xr-x 1 root root 14K May 23 2018, /usr/bin/toe
20211219-063251-UTC, Linux 59ad733d61ab 5.4.0-91-generic #102-Ubuntu SMP Fri Nov 5 16:31:28 UTC 2021 x86_64 x86_64 x86_64 GNU/Linux, d33e75b8d5139bd6c568d47f2e14b53c, -rwxr-xr-x 1 root root 35K Jan 18 2018, /usr/bin/basename
20211219-063251-UTC, Linux 59ad733d61ab 5.4.0-91-generic #102-Ubuntu SMP Fri Nov 5 16:31:28 UTC 2021 x86_64 x86_64 x86_64 GNU/Linux, e4bf5ebd8e36b8862401af7ec762e071, -rwxr-xr-x 1 root root 63K Jan 18 2018, /usr/bin/chcon
20211219-063251-UTC, Linux 59ad733d61ab 5.4.0-91-generic #102-Ubuntu SMP Fri Nov 5 16:31:28 UTC 2021 x86_64 x86_64 x86_64 GNU/Linux, 478de6bcfc0a4b671d07f3e87ff159ef, -rwxr-xr-x 1 root root 71K Sep 16 2020, /usr/bin/lsipc
20211219-063251-UTC, Linux 59ad733d61ab 5.4.0-91-generic #102-Ubuntu SMP Fri Nov 5 16:31:28 UTC 2021 x86_64 x86_64 x86_64 GNU/Linux, 992639959c5cbb8d2d38305905ec7709, -rwxr-xr-x 1 root root 31K Sep 16 2020, /usr/bin/nsenter
20211219-063251-UTC, Linux 59ad733d61ab 5.4.0-91-generic #102-Ubuntu SMP Fri Nov 5 16:31:28 UTC 2021 x86_64 x86_64 x86_64 GNU/Linux, 2af763d26d0ca4affeb317f462467c92, -rwxr-xr-x 1 root root 75K Jan 18 2018, /usr/bin/factor
20211219-063251-UTC, Linux 59ad733d61ab 5.4.0-91-generic #102-Ubuntu SMP Fri Nov 5 16:31:28 UTC 2021 x86_64 x86_64 x86_64 GNU/Linux, efc98c78fd8fccffbf49bcdc46482ffb, -rwxr-xr-x 1 root root 20K Oct 25 2017, /usr/bin/deb-systemd-helper
20211219-063251-UTC, Linux 59ad733d61ab 5.4.0-91-generic #102-Ubuntu SMP Fri Nov 5 16:31:28 UTC 2021 x86_64 x86_64 x86_64 GNU/Linux, 23a3499fba1758f13b71f0d6958c1926, -rwxr-xr-x 1 root root 11K Aug 9 2019, /usr/bin/uptime
20211219-063251-UTC, Linux 59ad733d61ab 5.4.0-91-generic #102-Ubuntu SMP Fri Nov 5 16:31:28 UTC 2021 x86_64 x86_64 x86_64 GNU/Linux, ee76786d8562ea664f1db08e0ef7556f, -rwxr-xr-x 1 root root 71K Sep 16 2020, /usr/bin/lscpu
20211219-063251-UTC, Linux 59ad733d61ab 5.4.0-91-generic #102-Ubuntu SMP Fri Nov 5 16:31:28 UTC 2021 x86_64 x86_64 x86_64 GNU/Linux, 2bbf7fc60f7febbb465c01181c51517f, -rwxr-xr-x 1 root root 11K Sep 16 2020, /usr/bin/setsid
20211219-063251-UTC, Linux 59ad733d61ab 5.4.0-91-generic #102-Ubuntu SMP Fri Nov 5 16:31:28 UTC 2021 x86_64 x86_64 x86_64 GNU/Linux, 74f25deed3164415c703d53740357de1, -rwxr-xr-x 1 root root 43K Jan 18 2018, /usr/bin/cut
20211219-063251-UTC, Linux 59ad733d61ab 5.4.0-91-generic #102-Ubuntu SMP Fri Nov 5 16:31:28 UTC 2021 x86_64 x86_64 x86_64 GNU/Linux, 52fc9c61a0d4d0146e6a946c3e14f323, -rwxr-xr-x 1 root root 2.8K May 6 2019, /usr/bin/debconf
20211219-063251-UTC, Linux 59ad733d61ab 5.4.0-91-generic #102-Ubuntu SMP Fri Nov 5 16:31:28 UTC 2021 x86_64 x86_64 x86_64 GNU/Linux, aa0fb2aa73c574798ad12ebce6de2efd, -rwxr-xr-x 1 root root 47K Sep 5 2019, /usr/bin/update-alternatives
20211219-063251-UTC, Linux 59ad733d61ab 5.4.0-91-generic #102-Ubuntu SMP Fri Nov 5 16:31:28 UTC 2021 x86_64 x86_64 x86_64 GNU/Linux, 86b896dd1a4f4ae95858e695f226537e, -rwxr-xr-x 1 root root 31K Jan 18 2018, /usr/bin/tty
20211219-063251-UTC, Linux 59ad733d61ab 5.4.0-91-generic #102-Ubuntu SMP Fri Nov 5 16:31:28 UTC 2021 x86_64 x86_64 x86_64 GNU/Linux, daf2cfb715d205893e4f6854282dad18, -rwxr-xr-x 1 root root 106K Aug 9 2019, /usr/bin/top
20211219-063251-UTC, Linux 59ad733d61ab 5.4.0-91-generic #102-Ubuntu SMP Fri Nov 5 16:31:28 UTC 2021 x86_64 x86_64 x86_64 GNU/Linux, 3646224612122f99282910a89f4282e1, -rwxr-xr-x 1 root root 71K Jan 18 2018, /usr/bin/pr
20211219-063251-UTC, Linux 59ad733d61ab 5.4.0-91-generic #102-Ubuntu SMP Fri Nov 5 16:31:28 UTC 2021 x86_64 x86_64 x86_64 GNU/Linux, d5080485cd57accf86916fcb71948d8f, -rwxr-xr-x 1 root root 35K Jan 18 2018, /usr/bin/tsort
20211219-063251-UTC, Linux 59ad733d61ab 5.4.0-91-generic #102-Ubuntu SMP Fri Nov 5 16:31:28 UTC 2021 x86_64 x86_64 x86_64 GNU/Linux, 3e8b54f22a8b762b95da41b86a62149d, -rwxr-xr-x 1 root root 15K Jun 15 2021, /usr/bin/apt
20211219-063251-UTC, Linux 59ad733d61ab 5.4.0-91-generic #102-Ubuntu SMP Fri Nov 5 16:31:28 UTC 2021 x86_64 x86_64 x86_64 GNU/Linux, 1f27bad424fa872edc3c2cfc50c4daa1, -rwxr-xr-x 1 root root 43K Jan 18 2018, /usr/bin/md5sum
20211219-063251-UTC, Linux 59ad733d61ab 5.4.0-91-generic #102-Ubuntu SMP Fri Nov 5 16:31:28 UTC 2021 x86_64 x86_64 x86_64 GNU/Linux, efae851468629209f0c397231bf806be, -rwxr-xr-x 1 root root 15K Dec 7 2020, /usr/bin/pldd
20211219-063251-UTC, Linux 59ad733d61ab 5.4.0-91-generic #102-Ubuntu SMP Fri Nov 5 16:31:28 UTC 2021 x86_64 x86_64 x86_64 GNU/Linux, 894d3c84f1215631d9639649e07f49b8, -rwxr-xr-x 1 root root 51K Jan 18 2018, /usr/bin/who
20211219-063251-UTC, Linux 59ad733d61ab 5.4.0-91-generic #102-Ubuntu SMP Fri Nov 5 16:31:28 UTC 2021 x86_64 x86_64 x86_64 GNU/Linux, 3b8e7ec5583b033efd3d6eb0085fbce0, -rwxr-xr-x 1 root root 647 May 6 2019, /usr/bin/debconf-escape
20211219-063251-UTC, Linux 59ad733d61ab 5.4.0-91-generic #102-Ubuntu SMP Fri Nov 5 16:31:28 UTC 2021 x86_64 x86_64 x86_64 GNU/Linux, d754433435ef3d577493d0ed71cf986f, -rwxr-xr-x 1 root root 59K May 23 2018, /usr/bin/infocmp
20211219-063251-UTC, Linux 59ad733d61ab 5.4.0-91-generic #102-Ubuntu SMP Fri Nov 5 16:31:28 UTC 2021 x86_64 x86_64 x86_64 GNU/Linux, f3e3a39fdb600df72e4e5277912e05eb, -rwxr-xr-x 1 root root 291K Sep 5 2019, /usr/bin/dpkg
20211219-063251-UTC, Linux 59ad733d61ab 5.4.0-91-generic #102-Ubuntu SMP Fri Nov 5 16:31:28 UTC 2021 x86_64 x86_64 x86_64 GNU/Linux, d426944acdb457a124772ba31574d019, -rwxr-xr-x 1 root root 35K Jan 18 2018, /usr/bin/paste
20211219-063251-UTC, Linux 59ad733d61ab 5.4.0-91-generic #102-Ubuntu SMP Fri Nov 5 16:31:28 UTC 2021 x86_64 x86_64 x86_64 GNU/Linux, 145e87ad6755832a1c79fe0070f85de5, -rwxr-xr-x 1 root root 55K Jan 18 2018, /usr/bin/sha224sum
20211219-063251-UTC, Linux 59ad733d61ab 5.4.0-91-generic #102-Ubuntu SMP Fri Nov 5 16:31:28 UTC 2021 x86_64 x86_64 x86_64 GNU/Linux, fb08a572ddc7c6d609c664b97f297ae5, -rwxr-xr-x 1 root root 35K Jan 18 2018, /usr/bin/tee
20211219-063251-UTC, Linux 59ad733d61ab 5.4.0-91-generic #102-Ubuntu SMP Fri Nov 5 16:31:28 UTC 2021 x86_64 x86_64 x86_64 GNU/Linux, af6312c6ded93acb3177121b4f1f6f3a, -rwxr-xr-x 1 root root 23K Jun 15 2021, /usr/bin/apt-cdrom
20211219-063251-UTC, Linux 59ad733d61ab 5.4.0-91-generic #102-Ubuntu SMP Fri Nov 5 16:31:28 UTC 2021 x86_64 x86_64 x86_64 GNU/Linux, 847f5f9d4bcfdd1eedd456a8381da4b9, -rwsr-xr-x 1 root root 75K Mar 22 2019, /usr/bin/chfn
20211219-063251-UTC, Linux 59ad733d61ab 5.4.0-91-generic #102-Ubuntu SMP Fri Nov 5 16:31:28 UTC 2021 x86_64 x86_64 x86_64 GNU/Linux, 3cd795899dab74a19b9ff2b0d6ed9cfa, -rwxr-xr-x 1 root root 51K Jan 18 2018, /usr/bin/csplit
20211219-063251-UTC, Linux 59ad733d61ab 5.4.0-91-generic #102-Ubuntu SMP Fri Nov 5 16:31:28 UTC 2021 x86_64 x86_64 x86_64 GNU/Linux, ca7855cfe1a2d0a81e9aa419ee26c5bb, -rwsr-xr-x 1 root root 59K Mar 22 2019, /usr/bin/passwd
20211219-063251-UTC, Linux 59ad733d61ab 5.4.0-91-generic #102-Ubuntu SMP Fri Nov 5 16:31:28 UTC 2021 x86_64 x86_64 x86_64 GNU/Linux, 7c97842805d1fd8a3aa66d4dddcea0f8, -rwxr-xr-x 1 root root 27K Sep 16 2020, /usr/bin/scriptreplay
20211219-063251-UTC, Linux 59ad733d61ab 5.4.0-91-generic #102-Ubuntu SMP Fri Nov 5 16:31:28 UTC 2021 x86_64 x86_64 x86_64 GNU/Linux, e9da667b6f156f7176ed3a0c532ed361, -rwxr-xr-x 1 root root 3.3K Dec 7 2020, /usr/bin/catchsegv
20211219-063251-UTC, Linux 59ad733d61ab 5.4.0-91-generic #102-Ubuntu SMP Fri Nov 5 16:31:28 UTC 2021 x86_64 x86_64 x86_64 GNU/Linux, 82943faf70fe2249b24e9e93042cf4f8, -rwxr-xr-x 1 root root 27K Sep 16 2020, /usr/bin/ionice
20211219-063251-UTC, Linux 59ad733d61ab 5.4.0-91-generic #102-Ubuntu SMP Fri Nov 5 16:31:28 UTC 2021 x86_64 x86_64 x86_64 GNU/Linux, cd3df5b03a70e3a905d43a28fa746065, -rwxr-xr-x 1 root root 47K Jan 18 2018, /usr/bin/expr
20211219-063251-UTC, Linux 59ad733d61ab 5.4.0-91-generic #102-Ubuntu SMP Fri Nov 5 16:31:28 UTC 2021 x86_64 x86_64 x86_64 GNU/Linux, 81250cd9c2a41a699f0bd996e04cd330, -rwxr-xr-x 1 root root 35K Jan 18 2018, /usr/bin/pathchk
20211219-063251-UTC, Linux 59ad733d61ab 5.4.0-91-generic #102-Ubuntu SMP Fri Nov 5 16:31:28 UTC 2021 x86_64 x86_64 x86_64 GNU/Linux, 2db7cdc0315779fcf4814096374193a4, -rwxr-xr-x 1 root root 35K Jan 18 2018, /usr/bin/users
20211219-063251-UTC, Linux 59ad733d61ab 5.4.0-91-generic #102-Ubuntu SMP Fri Nov 5 16:31:28 UTC 2021 x86_64 x86_64 x86_64 GNU/Linux, 8aef9149bc8f59c44814e284db0b0f26, -rwxr-xr-x 1 root root 67K Jan 18 2018, /usr/bin/od
20211219-063251-UTC, Linux 59ad733d61ab 5.4.0-91-generic #102-Ubuntu SMP Fri Nov 5 16:31:28 UTC 2021 x86_64 x86_64 x86_64 GNU/Linux, 028208c8d3799db90adbccfd3d169d33, -rwxr-xr-x 1 root root 11K Sep 16 2020, /usr/bin/rev
20211219-063251-UTC, Linux 59ad733d61ab 5.4.0-91-generic #102-Ubuntu SMP Fri Nov 5 16:31:28 UTC 2021 x86_64 x86_64 x86_64 GNU/Linux, 4f3fbd14a851eb397ffa672f74492435, -rwxr-xr-x 1 root root 47K Jan 18 2018, /usr/bin/tr
20211219-063251-UTC, Linux 59ad733d61ab 5.4.0-91-generic #102-Ubuntu SMP Fri Nov 5 16:31:28 UTC 2021 x86_64 x86_64 x86_64 GNU/Linux, 766d1ab86f131f7a9dcceb0ffa3d39e0, -rwxr-xr-x 1 root root 35K Jan 18 2018, /usr/bin/nohup
20211219-063251-UTC, Linux 59ad733d61ab 5.4.0-91-generic #102-Ubuntu SMP Fri Nov 5 16:31:28 UTC 2021 x86_64 x86_64 x86_64 GNU/Linux, 6ae327f3c199aab9d6bd607ad51768e2, -rwxr-xr-x 1 root root 5.3K Dec 7 2020, /usr/bin/ldd
20211219-063251-UTC, Linux 59ad733d61ab 5.4.0-91-generic #102-Ubuntu SMP Fri Nov 5 16:31:28 UTC 2021 x86_64 x86_64 x86_64 GNU/Linux, 35c353bd358bd5f1c4e887f267285605, -rwxr-xr-x 1 root root 47K Jan 18 2018, /usr/bin/test
20211219-063251-UTC, Linux 59ad733d61ab 5.4.0-91-generic #102-Ubuntu SMP Fri Nov 5 16:31:28 UTC 2021 x86_64 x86_64 x86_64 GNU/Linux, 9cd3e0467b502c9b675a52346a91af6d, -rwxr-xr-x 1 root root 27K Aug 9 2019, /usr/bin/skill
20211219-063251-UTC, Linux 59ad733d61ab 5.4.0-91-generic #102-Ubuntu SMP Fri Nov 5 16:31:28 UTC 2021 x86_64 x86_64 x86_64 GNU/Linux, f712911df457bf99e2466433c8f79277, -rwxr-xr-x 1 root root 47K Jan 18 2018, /usr/bin/sha1sum
20211219-063251-UTC, Linux 59ad733d61ab 5.4.0-91-generic #102-Ubuntu SMP Fri Nov 5 16:31:28 UTC 2021 x86_64 x86_64 x86_64 GNU/Linux, 5eec97c086f29b14f9feb03f71e8d211, -rwxr-xr-x 1 root root 39K Jan 18 2018, /usr/bin/sum
20211219-063251-UTC, Linux 59ad733d61ab 5.4.0-91-generic #102-Ubuntu SMP Fri Nov 5 16:31:28 UTC 2021 x86_64 x86_64 x86_64 GNU/Linux, 1561c998664fb2c6c6a4ef75f6f0c47d, -rwxr-xr-x 1 root root 71K Sep 5 2019, /usr/bin/dpkg-statoverride
20211219-063251-UTC, Linux 59ad733d61ab 5.4.0-91-generic #102-Ubuntu SMP Fri Nov 5 16:31:28 UTC 2021 x86_64 x86_64 x86_64 GNU/Linux, e352507bf055461f7d8b415d3fbd957d, -rwxr-xr-x 1 root root 39K Jan 18 2018, /usr/bin/comm
20211219-063251-UTC, Linux 59ad733d61ab 5.4.0-91-generic #102-Ubuntu SMP Fri Nov 5 16:31:28 UTC 2021 x86_64 x86_64 x86_64 GNU/Linux, 449ab80d285c0965c814c89a8264a6a1, -rwxr-xr-x 1 root root 30 Jul 11 2017, /usr/bin/rgrep
20211219-063251-UTC, Linux 59ad733d61ab 5.4.0-91-generic #102-Ubuntu SMP Fri Nov 5 16:31:28 UTC 2021 x86_64 x86_64 x86_64 GNU/Linux, 816c2cada88a771c239313269d3aa258, -rwxr-xr-x 1 root root 4.4K Oct 25 2017, /usr/bin/deb-systemd-invoke
20211219-063251-UTC, Linux 59ad733d61ab 5.4.0-91-generic #102-Ubuntu SMP Fri Nov 5 16:31:28 UTC 2021 x86_64 x86_64 x86_64 GNU/Linux, 84871004363a1732f001c608dcf3acf2, -rwxr-xr-x 1 root root 67K Jan 18 2018, /usr/bin/tail
20211219-063251-UTC, Linux 59ad733d61ab 5.4.0-91-generic #102-Ubuntu SMP Fri Nov 5 16:31:28 UTC 2021 x86_64 x86_64 x86_64 GNU/Linux, 65d4073e86640a28c8e202c15151bd0d, -rwxr-xr-x 1 root root 83K May 23 2018, /usr/bin/tic
20211219-063251-UTC, Linux 59ad733d61ab 5.4.0-91-generic #102-Ubuntu SMP Fri Nov 5 16:31:28 UTC 2021 x86_64 x86_64 x86_64 GNU/Linux, 26125c525812b29fe32e1d6407986e4c, -rwxr-xr-x 1 root root 50K Dec 7 2020, /usr/bin/locale
20211219-063251-UTC, Linux 59ad733d61ab 5.4.0-91-generic #102-Ubuntu SMP Fri Nov 5 16:31:28 UTC 2021 x86_64 x86_64 x86_64 GNU/Linux, 149f47d4608309e8718f9c21f0b1ad83, -rwxr-xr-x 1 root root 27K Sep 16 2020, /usr/bin/whereis
20211219-063251-UTC, Linux 59ad733d61ab 5.4.0-91-generic #102-Ubuntu SMP Fri Nov 5 16:31:28 UTC 2021 x86_64 x86_64 x86_64 GNU/Linux, 47485fab941097034a7ebe210f57c344, -rwxr-xr-x 1 root root 35K Sep 16 2020, /usr/bin/prlimit
20211219-063251-UTC, Linux 59ad733d61ab 5.4.0-91-generic #102-Ubuntu SMP Fri Nov 5 16:31:28 UTC 2021 x86_64 x86_64 x86_64 GNU/Linux, 212752f39f5ffeaa574a2741cc77c917, -rwxr-xr-x 1 root root 55K Jan 18 2018, /usr/bin/split
20211219-063251-UTC, Linux 59ad733d61ab 5.4.0-91-generic #102-Ubuntu SMP Fri Nov 5 16:31:28 UTC 2021 x86_64 x86_64 x86_64 GNU/Linux, c550afb5ea5aa28daca0fde2fb26eb40, -rwxr-xr-x 1 root root 55K Jan 18 2018, /usr/bin/shuf
20211219-063251-UTC, Linux 59ad733d61ab 5.4.0-91-generic #102-Ubuntu SMP Fri Nov 5 16:31:28 UTC 2021 x86_64 x86_64 x86_64 GNU/Linux, 1ea2494886acf10a7cff4f6ab8d40cc0, -rwxr-xr-x 1 root root 35K Jan 18 2018, /usr/bin/fold
20211219-063251-UTC, Linux 59ad733d61ab 5.4.0-91-generic #102-Ubuntu SMP Fri Nov 5 16:31:28 UTC 2021 x86_64 x86_64 x86_64 GNU/Linux, 169e27bcaa2aeb1c2e51a01c374d5da4, -rwxr-xr-x 1 root root 43K Jan 18 2018, /usr/bin/fmt
20211219-063251-UTC, Linux 59ad733d61ab 5.4.0-91-generic #102-Ubuntu SMP Fri Nov 5 16:31:28 UTC 2021 x86_64 x86_64 x86_64 GNU/Linux, 2319e03d017db834d40fec2aea8232cc, -rwxr-xr-x 1 root root 14K Jan 22 2020, /usr/bin/chattr
20211219-063251-UTC, Linux 59ad733d61ab 5.4.0-91-generic #102-Ubuntu SMP Fri Nov 5 16:31:28 UTC 2021 x86_64 x86_64 x86_64 GNU/Linux, 4e820a2584f8b3052e5460a15079a156, -rwxr-xr-x 1 root root 39K Jan 18 2018, /usr/bin/pinky
20211219-063251-UTC, Linux 59ad733d61ab 5.4.0-91-generic #102-Ubuntu SMP Fri Nov 5 16:31:28 UTC 2021 x86_64 x86_64 x86_64 GNU/Linux, e9415b8119114c64fba770b049abce62, -rwxr-xr-x 1 root root 47K Jan 18 2018, /usr/bin/realpath
20211219-063251-UTC, Linux 59ad733d61ab 5.4.0-91-generic #102-Ubuntu SMP Fri Nov 5 16:31:28 UTC 2021 x86_64 x86_64 x86_64 GNU/Linux, 5f7cb2fcfb1b889167b0678741643a52, -rwsr-xr-x 1 root root 44K Mar 22 2019, /usr/bin/chsh
20211219-063251-UTC, Linux 59ad733d61ab 5.4.0-91-generic #102-Ubuntu SMP Fri Nov 5 16:31:28 UTC 2021 x86_64 x86_64 x86_64 GNU/Linux, 5bb7439728a0ae067b130310f341dc04, -rwxr-xr-x 1 root root 23K Aug 9 2019, /usr/bin/watch
20211219-063251-UTC, Linux 59ad733d61ab 5.4.0-91-generic #102-Ubuntu SMP Fri Nov 5 16:31:28 UTC 2021 x86_64 x86_64 x86_64 GNU/Linux, 32fecbdd26a9965894e440f87a00c6b7, -rwxr-xr-x 1 root root 31K Aug 9 2019, /usr/bin/pmap
20211219-063251-UTC, Linux 59ad733d61ab 5.4.0-91-generic #102-Ubuntu SMP Fri Nov 5 16:31:28 UTC 2021 x86_64 x86_64 x86_64 GNU/Linux, 433c0ea6219a9033f0e35c5b9d86715f, -rwsr-xr-x 1 root root 40K Mar 22 2019, /usr/bin/newgrp
20211219-063251-UTC, Linux 59ad733d61ab 5.4.0-91-generic #102-Ubuntu SMP Fri Nov 5 16:31:28 UTC 2021 x86_64 x86_64 x86_64 GNU/Linux, af220cfc271e129e494ded7f2772c7bb, -rwxr-xr-x 1 root root 19K Aug 9 2019, /usr/bin/free
20211219-063251-UTC, Linux 59ad733d61ab 5.4.0-91-generic #102-Ubuntu SMP Fri Nov 5 16:31:28 UTC 2021 x86_64 x86_64 x86_64 GNU/Linux, 7d166158613929531c2aae6c3ec8ea22, -rwxr-xr-x 1 root root 63K Dec 7 2020, /usr/bin/iconv
20211219-063251-UTC, Linux 59ad733d61ab 5.4.0-91-generic #102-Ubuntu SMP Fri Nov 5 16:31:28 UTC 2021 x86_64 x86_64 x86_64 GNU/Linux, 081f4714048c660b65a27c4edfc7f0da, -rwxr-xr-x 1 root root 63K Aug 4 2017, /usr/bin/diff3
20211219-063251-UTC, Linux 59ad733d61ab 5.4.0-91-generic #102-Ubuntu SMP Fri Nov 5 16:31:28 UTC 2021 x86_64 x86_64 x86_64 GNU/Linux, 464c2f7a9b650309fe87602f9a2eadb9, -rwxr-xr-x 1 root root 433 Mar 12 2018, /usr/bin/sensible-pager
20211219-063251-UTC, Linux 59ad733d61ab 5.4.0-91-generic #102-Ubuntu SMP Fri Nov 5 16:31:28 UTC 2021 x86_64 x86_64 x86_64 GNU/Linux, fe6b3f4a7d93bb1df36b36afc8f7a0e7, -rwxr-xr-x 1 root root 63K Jan 18 2018, /usr/bin/mkfifo
20211219-063251-UTC, Linux 59ad733d61ab 5.4.0-91-generic #102-Ubuntu SMP Fri Nov 5 16:31:28 UTC 2021 x86_64 x86_64 x86_64 GNU/Linux, 9d26ee2aee5894eda52d04804a3ddddc, -rwxr-xr-x 1 root root 11K Sep 16 2020, /usr/bin/mesg
20211219-063251-UTC, Linux 59ad733d61ab 5.4.0-91-generic #102-Ubuntu SMP Fri Nov 5 16:31:28 UTC 2021 x86_64 x86_64 x86_64 GNU/Linux, 0cc02aca10031ffe9875e6420d06ad55, -rwxr-xr-x 1 root root 11K Jun 6 2019, /usr/bin/clear_console
