20211219-062032-UTC, Linux a5e7b6300122 5.4.0-91-generic #102-Ubuntu SMP Fri Nov 5 16:31:28 UTC 2021 x86_64 GNU/Linux, f3526a82bb5de842472d4917b70f01f1, -rw-r--r-- 1 root root 1.6K Feb 24 2010, /etc/rsyslog.d/50-default.conf
20211219-062032-UTC, Linux a5e7b6300122 5.4.0-91-generic #102-Ubuntu SMP Fri Nov 5 16:31:28 UTC 2021 x86_64 GNU/Linux, 593ad12389ab2b6f952e7ede67b8fbbf, -rw-r--r-- 1 root root 68 Apr 22 2010, /etc/ld.so.conf.d/x86_64-linux-gnu.conf
20211219-062032-UTC, Linux a5e7b6300122 5.4.0-91-generic #102-Ubuntu SMP Fri Nov 5 16:31:28 UTC 2021 x86_64 GNU/Linux, d4d833fd095fb7b90e1bb4a547f16de6, -rw-r--r-- 1 root root 44 Apr 22 2010, /etc/ld.so.conf.d/libc.conf
20211219-062032-UTC, Linux a5e7b6300122 5.4.0-91-generic #102-Ubuntu SMP Fri Nov 5 16:31:28 UTC 2021 x86_64 GNU/Linux, 7fef3bdd3da1983b21ae62e7561c8ba5, -rw-r----- 1 root shadow 397 Jan 29 2014, /etc/gshadow
20211219-062032-UTC, Linux a5e7b6300122 5.4.0-91-generic #102-Ubuntu SMP Fri Nov 5 16:31:28 UTC 2021 x86_64 GNU/Linux, 8d47e370d6a06295379c1aef0ca791f8, -rw-r--r-- 1 root root 40 Dec 19 06:18, /etc/resolv.conf
20211219-062032-UTC, Linux a5e7b6300122 5.4.0-91-generic #102-Ubuntu SMP Fri Nov 5 16:31:28 UTC 2021 x86_64 GNU/Linux, 7028a4bd02c1d276aa45f0973b85fe1b, -rw-r--r-- 1 root root 91 Apr 23 2010, /etc/networks
20211219-062032-UTC, Linux a5e7b6300122 5.4.0-91-generic #102-Ubuntu SMP Fri Nov 5 16:31:28 UTC 2021 x86_64 GNU/Linux, b59ea6ac3a1ad8c0527ec94f73bafca0, -rw-r--r-- 1 root root 497 Jan 29 2014, /etc/profile
20211219-062032-UTC, Linux a5e7b6300122 5.4.0-91-generic #102-Ubuntu SMP Fri Nov 5 16:31:28 UTC 2021 x86_64 GNU/Linux, 527e6a57d0bc9f7c1b1aca2071f3da00, -rw-r--r-- 1 root root 600 Jan 27 2010, /etc/deluser.conf
20211219-062032-UTC, Linux a5e7b6300122 5.4.0-91-generic #102-Ubuntu SMP Fri Nov 5 16:31:28 UTC 2021 x86_64 GNU/Linux, 1a43d37d47146b88b0ac2e6f0bf53cc7, -rw------- 1 root root 532 Jan 29 2014, /etc/shadow-
20211219-062032-UTC, Linux a5e7b6300122 5.4.0-91-generic #102-Ubuntu SMP Fri Nov 5 16:31:28 UTC 2021 x86_64 GNU/Linux, b6a26fbe90d859f7c8600d5941262921, -rw-r--r-- 1 root root 19K Dec 3 2009, /etc/services
20211219-062032-UTC, Linux a5e7b6300122 5.4.0-91-generic #102-Ubuntu SMP Fri Nov 5 16:31:28 UTC 2021 x86_64 GNU/Linux, 8b5141eea356759244831b4ed2df9aee, -rw-r--r-- 1 root root 195 Jan 29 2014, /etc/modules
20211219-062032-UTC, Linux a5e7b6300122 5.4.0-91-generic #102-Ubuntu SMP Fri Nov 5 16:31:28 UTC 2021 x86_64 GNU/Linux, 69c4ba7f08363e998e0f2e244a04f881, -rw-r--r-- 1 root root 100 Apr 15 2010, /etc/alternatives/README
20211219-062032-UTC, Linux a5e7b6300122 5.4.0-91-generic #102-Ubuntu SMP Fri Nov 5 16:31:28 UTC 2021 x86_64 GNU/Linux, 122167e70d842179ebf06ca8d189a964, -rw-r--r-- 1 root root 1.2K Feb 24 2010, /etc/rsyslog.conf
20211219-062032-UTC, Linux a5e7b6300122 5.4.0-91-generic #102-Ubuntu SMP Fri Nov 5 16:31:28 UTC 2021 x86_64 GNU/Linux, 8c0619be413824f1fc7698cee0f23811, -rw-r--r-- 1 root root 2.9K Apr 9 2010, /etc/debconf.conf
20211219-062032-UTC, Linux a5e7b6300122 5.4.0-91-generic #102-Ubuntu SMP Fri Nov 5 16:31:28 UTC 2021 x86_64 GNU/Linux, 6ac3cbee43012440edc6bcbade0a61ce, -rw-r--r-- 1 root root 2.6K Mar 4 2010, /etc/locale.alias
20211219-062032-UTC, Linux a5e7b6300122 5.4.0-91-generic #102-Ubuntu SMP Fri Nov 5 16:31:28 UTC 2021 x86_64 GNU/Linux, 9d086188afcd9479ae96ff55dd6c1573, -rw-r--r-- 1 root root 158 Mar 7 2010, /etc/terminfo/README
20211219-062032-UTC, Linux a5e7b6300122 5.4.0-91-generic #102-Ubuntu SMP Fri Nov 5 16:31:28 UTC 2021 x86_64 GNU/Linux, 9c13a4d5da9cb2c2fa550a30705f041a, -rw-r--r-- 1 root root 885 Nov 5 2009, /etc/insserv.conf
20211219-062032-UTC, Linux a5e7b6300122 5.4.0-91-generic #102-Ubuntu SMP Fri Nov 5 16:31:28 UTC 2021 x86_64 GNU/Linux, 5f4456774a1ff9d17d3fa743a2aa2795, -rw-r--r-- 1 root root 22K Jan 16 2010, /etc/mime.types
20211219-062032-UTC, Linux a5e7b6300122 5.4.0-91-generic #102-Ubuntu SMP Fri Nov 5 16:31:28 UTC 2021 x86_64 GNU/Linux, 295c15c4bdac80e50b37689ef08f359c, -rw-r--r-- 1 root root 475 Apr 23 2010, /etc/nsswitch.conf
20211219-062032-UTC, Linux a5e7b6300122 5.4.0-91-generic #102-Ubuntu SMP Fri Nov 5 16:31:28 UTC 2021 x86_64 GNU/Linux, 04c254d6d998868d0db72e74f30b84d0, -rw-r--r-- 1 root root 369 Sep 7 2009, /etc/rc1.d/README
20211219-062032-UTC, Linux a5e7b6300122 5.4.0-91-generic #102-Ubuntu SMP Fri Nov 5 16:31:28 UTC 2021 x86_64 GNU/Linux, ac1446cd28de7387e63388ad0ce833f2, -rw-r--r-- 1 root root 677 Mar 30 2010, /etc/rc3.d/README
20211219-062032-UTC, Linux a5e7b6300122 5.4.0-91-generic #102-Ubuntu SMP Fri Nov 5 16:31:28 UTC 2021 x86_64 GNU/Linux, ba07e08a7fe3741d0b8339127963190e, -rw-r--r-- 1 root root 449 Jan 16 2010, /etc/mailcap.order
20211219-062032-UTC, Linux a5e7b6300122 5.4.0-91-generic #102-Ubuntu SMP Fri Nov 5 16:31:28 UTC 2021 x86_64 GNU/Linux, 1a43d37d47146b88b0ac2e6f0bf53cc7, -rw-r----- 1 root shadow 532 Jan 29 2014, /etc/shadow
20211219-062032-UTC, Linux a5e7b6300122 5.4.0-91-generic #102-Ubuntu SMP Fri Nov 5 16:31:28 UTC 2021 x86_64 GNU/Linux, 40f92b969ccc80deddc428d3ea2e9739, -rw-r--r-- 1 root root 306 Jan 29 2014, /etc/udev/rules.d/70-persistent-cd.rules
20211219-062032-UTC, Linux a5e7b6300122 5.4.0-91-generic #102-Ubuntu SMP Fri Nov 5 16:31:28 UTC 2021 x86_64 GNU/Linux, ba1caa891f35f8af8276320cfffeaf70, -rw-r--r-- 1 root root 225 Jan 29 2014, /etc/udev/rules.d/70-persistent-net.rules
20211219-062032-UTC, Linux a5e7b6300122 5.4.0-91-generic #102-Ubuntu SMP Fri Nov 5 16:31:28 UTC 2021 x86_64 GNU/Linux, 3b6de9f3f911176734c66903b4f8735c, -rw-r--r-- 1 root root 1.2K Apr 19 2010, /etc/udev/rules.d/README
20211219-062032-UTC, Linux a5e7b6300122 5.4.0-91-generic #102-Ubuntu SMP Fri Nov 5 16:31:28 UTC 2021 x86_64 GNU/Linux, 8b024b79a468658332fbf2586737907e, -rw-r--r-- 1 root root 218 Apr 19 2010, /etc/udev/udev.conf
20211219-062032-UTC, Linux a5e7b6300122 5.4.0-91-generic #102-Ubuntu SMP Fri Nov 5 16:31:28 UTC 2021 x86_64 GNU/Linux, 79cccff9c535bfe90da53248ebcb37ab, -rw-r--r-- 1 root root 191 Jan 29 2014, /etc/initramfs-tools/modules
20211219-062032-UTC, Linux a5e7b6300122 5.4.0-91-generic #102-Ubuntu SMP Fri Nov 5 16:31:28 UTC 2021 x86_64 GNU/Linux, eec5dbb69cee0bc2894cbd36b36bb821, -rw-r--r-- 1 root root 1.4K Apr 26 2010, /etc/initramfs-tools/initramfs.conf
20211219-062032-UTC, Linux a5e7b6300122 5.4.0-91-generic #102-Ubuntu SMP Fri Nov 5 16:31:28 UTC 2021 x86_64 GNU/Linux, 25099e2e0961298b2772355149f9810d, -rw-r--r-- 1 root root 379 Apr 26 2010, /etc/initramfs-tools/update-initramfs.conf
20211219-062032-UTC, Linux a5e7b6300122 5.4.0-91-generic #102-Ubuntu SMP Fri Nov 5 16:31:28 UTC 2021 x86_64 GNU/Linux, 0fe88b64209506cb6769ce44f16b8f10, -rw-r--r-- 1 root root 475 Jan 29 2014, /etc/group
20211219-062032-UTC, Linux a5e7b6300122 5.4.0-91-generic #102-Ubuntu SMP Fri Nov 5 16:31:28 UTC 2021 x86_64 GNU/Linux, ac1446cd28de7387e63388ad0ce833f2, -rw-r--r-- 1 root root 677 Mar 30 2010, /etc/rc5.d/README
20211219-062032-UTC, Linux a5e7b6300122 5.4.0-91-generic #102-Ubuntu SMP Fri Nov 5 16:31:28 UTC 2021 x86_64 GNU/Linux, 23cdc0f2053ca58ee7ba5926af1296bc, -rw-r--r-- 1 root root 1.1K Apr 1 2010, /etc/dhcp3/dhclient-enter-hooks.d/debug
20211219-062032-UTC, Linux a5e7b6300122 5.4.0-91-generic #102-Ubuntu SMP Fri Nov 5 16:31:28 UTC 2021 x86_64 GNU/Linux, 34b179df34a6ac20dbb07542f33c8104, -rw-r--r-- 1 root root 1.1K Apr 1 2010, /etc/dhcp3/dhclient-exit-hooks.d/debug
20211219-062032-UTC, Linux a5e7b6300122 5.4.0-91-generic #102-Ubuntu SMP Fri Nov 5 16:31:28 UTC 2021 x86_64 GNU/Linux, 2b19910493f3865aaf46634ebdd0343e, -rw-r--r-- 1 root root 1.5K Apr 1 2010, /etc/dhcp3/dhclient-exit-hooks.d/rfc3442-classless-routes
20211219-062032-UTC, Linux a5e7b6300122 5.4.0-91-generic #102-Ubuntu SMP Fri Nov 5 16:31:28 UTC 2021 x86_64 GNU/Linux, 1d4c6af64ca132451ee95a08686ea111, -rw-r--r-- 1 root root 806 Apr 9 2010, /etc/dhcp3/dhclient-exit-hooks.d/ntpdate
20211219-062032-UTC, Linux a5e7b6300122 5.4.0-91-generic #102-Ubuntu SMP Fri Nov 5 16:31:28 UTC 2021 x86_64 GNU/Linux, 5e012287a1dcf058b3fea4c5bf0bd95a, -rw-r--r-- 1 root root 1.7K Apr 1 2010, /etc/dhcp3/dhclient.conf
20211219-062032-UTC, Linux a5e7b6300122 5.4.0-91-generic #102-Ubuntu SMP Fri Nov 5 16:31:28 UTC 2021 x86_64 GNU/Linux, 44ad415fac749e0c39d6302a751db3f2, -rw-r--r-- 1 root root 79 Jan 29 2014, /etc/environment
20211219-062032-UTC, Linux a5e7b6300122 5.4.0-91-generic #102-Ubuntu SMP Fri Nov 5 16:31:28 UTC 2021 x86_64 GNU/Linux, 4f24b133ba38d8fd565168742c9aedeb, -rw-r--r-- 1 root root 8 Jan 29 2014, /etc/timezone
20211219-062032-UTC, Linux a5e7b6300122 5.4.0-91-generic #102-Ubuntu SMP Fri Nov 5 16:31:28 UTC 2021 x86_64 GNU/Linux, f0b6f6352bf886623adc04183120f83b, -rw-r--r-- 1 root root 887 Dec 3 2009, /etc/rpc
20211219-062032-UTC, Linux a5e7b6300122 5.4.0-91-generic #102-Ubuntu SMP Fri Nov 5 16:31:28 UTC 2021 x86_64 GNU/Linux, 204fcd135ab67b55b262d79883c0ffa9, -rw-r--r-- 1 root root 1.7K Jan 29 2014, /etc/mailcap
20211219-062032-UTC, Linux a5e7b6300122 5.4.0-91-generic #102-Ubuntu SMP Fri Nov 5 16:31:28 UTC 2021 x86_64 GNU/Linux, 0110925f6e068836ef2e09356e3651d9, -rw-r--r-- 1 root root 267 Apr 23 2010, /etc/legal
20211219-062032-UTC, Linux a5e7b6300122 5.4.0-91-generic #102-Ubuntu SMP Fri Nov 5 16:31:28 UTC 2021 x86_64 GNU/Linux, ab2fcd4afbeb84a6725e16601361ebb6, -rw-r--r-- 1 root root 691 Feb 24 2010, /etc/logcheck/ignore.d.server/rsyslog
20211219-062032-UTC, Linux a5e7b6300122 5.4.0-91-generic #102-Ubuntu SMP Fri Nov 5 16:31:28 UTC 2021 x86_64 GNU/Linux, 68d4df7cceb0e97bde87126c3a56b219, -rw-r--r-- 1 root root 115 Apr 9 2010, /etc/logcheck/ignore.d.server/ntpdate
20211219-062032-UTC, Linux a5e7b6300122 5.4.0-91-generic #102-Ubuntu SMP Fri Nov 5 16:31:28 UTC 2021 x86_64 GNU/Linux, 41ea36ea1c1a1c0c9bebdf0016395e1f, -rw-r--r-- 1 root root 35 Apr 24 2010, /etc/console-setup/compose.ISO-8859-6.inc
20211219-062032-UTC, Linux a5e7b6300122 5.4.0-91-generic #102-Ubuntu SMP Fri Nov 5 16:31:28 UTC 2021 x86_64 GNU/Linux, fef36b61fb8b1cacc151ad3db127f777, -rw-r--r-- 1 root root 34 Apr 24 2010, /etc/console-setup/compose.ARMSCII-8.inc
20211219-062032-UTC, Linux a5e7b6300122 5.4.0-91-generic #102-Ubuntu SMP Fri Nov 5 16:31:28 UTC 2021 x86_64 GNU/Linux, e70d7b634791b9c97db75bddf6dcc5fa, -rw-r--r-- 1 root root 4.4K Apr 24 2010, /etc/console-setup/compose.ISO-8859-3.inc
20211219-062032-UTC, Linux a5e7b6300122 5.4.0-91-generic #102-Ubuntu SMP Fri Nov 5 16:31:28 UTC 2021 x86_64 GNU/Linux, 8245c19b5262d8d23ca856587739eb20, -rw-r--r-- 1 root root 36 Apr 24 2010, /etc/console-setup/compose.ISO-8859-16.inc
20211219-062032-UTC, Linux a5e7b6300122 5.4.0-91-generic #102-Ubuntu SMP Fri Nov 5 16:31:28 UTC 2021 x86_64 GNU/Linux, cf45272b6bf35a22223b132600dc36c3, -rw-r--r-- 1 root root 36 Apr 24 2010, /etc/console-setup/compose.GEORGIAN-PS.inc
20211219-062032-UTC, Linux a5e7b6300122 5.4.0-91-generic #102-Ubuntu SMP Fri Nov 5 16:31:28 UTC 2021 x86_64 GNU/Linux, 0741db54ddb6268e476010a44f219f03, -rw-r--r-- 1 root root 951 Apr 24 2010, /etc/console-setup/compose.VISCII.inc
20211219-062032-UTC, Linux a5e7b6300122 5.4.0-91-generic #102-Ubuntu SMP Fri Nov 5 16:31:28 UTC 2021 x86_64 GNU/Linux, 9c2f47a52091515749fefc62fc8efd63, -rw-r--r-- 1 root root 4.0K Apr 24 2010, /etc/console-setup/compose.ISO-8859-13.inc
20211219-062032-UTC, Linux a5e7b6300122 5.4.0-91-generic #102-Ubuntu SMP Fri Nov 5 16:31:28 UTC 2021 x86_64 GNU/Linux, aa280de25f20e82f58da707101b24d48, -rw-r--r-- 1 root root 2.6K Apr 24 2010, /etc/console-setup/compose.ISO-8859-7.inc
20211219-062032-UTC, Linux a5e7b6300122 5.4.0-91-generic #102-Ubuntu SMP Fri Nov 5 16:31:28 UTC 2021 x86_64 GNU/Linux, fef88d8c8dd4c726498003fd3cd84a7f, -rw-r--r-- 1 root root 31 Apr 24 2010, /etc/console-setup/compose.CP1251.inc
20211219-062032-UTC, Linux a5e7b6300122 5.4.0-91-generic #102-Ubuntu SMP Fri Nov 5 16:31:28 UTC 2021 x86_64 GNU/Linux, e5fce59617c839b56574c9e323d34686, -rw-r--r-- 1 root root 36 Apr 24 2010, /etc/console-setup/compose.ISO-8859-10.inc
20211219-062032-UTC, Linux a5e7b6300122 5.4.0-91-generic #102-Ubuntu SMP Fri Nov 5 16:31:28 UTC 2021 x86_64 GNU/Linux, 4092be9556db0ac82e96eae413f1bd47, -rw-r--r-- 1 root root 3.3K Apr 24 2010, /etc/console-setup/compose.ISO-8859-4.inc
20211219-062032-UTC, Linux a5e7b6300122 5.4.0-91-generic #102-Ubuntu SMP Fri Nov 5 16:31:28 UTC 2021 x86_64 GNU/Linux, 31b73af83ef3993c128e2b983b9eaf89, -rw-r--r-- 1 root root 32 Apr 24 2010, /etc/console-setup/compose.TIS-620.inc
20211219-062032-UTC, Linux a5e7b6300122 5.4.0-91-generic #102-Ubuntu SMP Fri Nov 5 16:31:28 UTC 2021 x86_64 GNU/Linux, c972a2e90938657e97b643366b98b2ed, -rw-r--r-- 1 root root 31 Apr 24 2010, /etc/console-setup/compose.CP1255.inc
20211219-062032-UTC, Linux a5e7b6300122 5.4.0-91-generic #102-Ubuntu SMP Fri Nov 5 16:31:28 UTC 2021 x86_64 GNU/Linux, b6d80f40abff7e8af236796ebaca0247, -rw-r--r-- 1 root root 41 Apr 24 2010, /etc/console-setup/compose.GEORGIAN-ACADEMY.inc
20211219-062032-UTC, Linux a5e7b6300122 5.4.0-91-generic #102-Ubuntu SMP Fri Nov 5 16:31:28 UTC 2021 x86_64 GNU/Linux, 719a4300a50dcb168d7de921bab338e9, -rw-r--r-- 1 root root 4.3K Apr 24 2010, /etc/console-setup/compose.ISO-8859-1.inc
20211219-062032-UTC, Linux a5e7b6300122 5.4.0-91-generic #102-Ubuntu SMP Fri Nov 5 16:31:28 UTC 2021 x86_64 GNU/Linux, a19822b59629ea7af7682d9247de807f, -rw-r--r-- 1 root root 3.4K Apr 24 2010, /etc/console-setup/compose.ISO-8859-14.inc
20211219-062032-UTC, Linux a5e7b6300122 5.4.0-91-generic #102-Ubuntu SMP Fri Nov 5 16:31:28 UTC 2021 x86_64 GNU/Linux, 9cceaa9f3312f89aba371d3c893f4e7b, -rw-r--r-- 1 root root 35 Apr 24 2010, /etc/console-setup/compose.ISO-8859-8.inc
20211219-062032-UTC, Linux a5e7b6300122 5.4.0-91-generic #102-Ubuntu SMP Fri Nov 5 16:31:28 UTC 2021 x86_64 GNU/Linux, 217ee62f6982736276f41f760f8622f8, -rw-r--r-- 1 root root 31 Apr 24 2010, /etc/console-setup/compose.KOI8-U.inc
20211219-062032-UTC, Linux a5e7b6300122 5.4.0-91-generic #102-Ubuntu SMP Fri Nov 5 16:31:28 UTC 2021 x86_64 GNU/Linux, ad2f3cc7ee64602a790bad8a2a989243, -rw-r--r-- 1 root root 36 Apr 24 2010, /etc/console-setup/compose.ISO-8859-11.inc
20211219-062032-UTC, Linux a5e7b6300122 5.4.0-91-generic #102-Ubuntu SMP Fri Nov 5 16:31:28 UTC 2021 x86_64 GNU/Linux, f861a4b0403490677e6d400f2d7129da, -rw-r--r-- 1 root root 35 Apr 24 2010, /etc/console-setup/compose.ISO-8859-5.inc
20211219-062032-UTC, Linux a5e7b6300122 5.4.0-91-generic #102-Ubuntu SMP Fri Nov 5 16:31:28 UTC 2021 x86_64 GNU/Linux, b4ade6d461826495a421b01c5da2210a, -rw-r--r-- 1 root root 3.6K Jan 29 2014, /etc/console-setup/cached.kmap.gz
20211219-062032-UTC, Linux a5e7b6300122 5.4.0-91-generic #102-Ubuntu SMP Fri Nov 5 16:31:28 UTC 2021 x86_64 GNU/Linux, 5ea5e4d41da7a88f742863810e86144b, -rw-r--r-- 1 root root 31 Apr 24 2010, /etc/console-setup/compose.CP1256.inc
20211219-062032-UTC, Linux a5e7b6300122 5.4.0-91-generic #102-Ubuntu SMP Fri Nov 5 16:31:28 UTC 2021 x86_64 GNU/Linux, 8cfd7766b86e5e55d6e71d0d95519c92, -rw-r--r-- 1 root root 31 Apr 24 2010, /etc/console-setup/compose.KOI8-R.inc
20211219-062032-UTC, Linux a5e7b6300122 5.4.0-91-generic #102-Ubuntu SMP Fri Nov 5 16:31:28 UTC 2021 x86_64 GNU/Linux, a56cb83dbe0cd88e4deef52d966d30e4, -rw-r--r-- 1 root root 5.8K Apr 24 2010, /etc/console-setup/compose.ISO-8859-2.inc
20211219-062032-UTC, Linux a5e7b6300122 5.4.0-91-generic #102-Ubuntu SMP Fri Nov 5 16:31:28 UTC 2021 x86_64 GNU/Linux, a31102602f7e7cab9738022b6c5469ae, -rw-r--r-- 1 root root 32 Apr 24 2010, /etc/console-setup/compose.IBM1133.inc
20211219-062032-UTC, Linux a5e7b6300122 5.4.0-91-generic #102-Ubuntu SMP Fri Nov 5 16:31:28 UTC 2021 x86_64 GNU/Linux, 9f457795b7ee9c21dc1ac903a36a0eda, -rw-r--r-- 1 root root 11K Jan 29 2014, /etc/console-setup/Uni1-VGA16.psf
20211219-062032-UTC, Linux a5e7b6300122 5.4.0-91-generic #102-Ubuntu SMP Fri Nov 5 16:31:28 UTC 2021 x86_64 GNU/Linux, cfa9b04fec26afa1debc17ce09d46a0a, -rw-r--r-- 1 root root 3.6K Apr 24 2010, /etc/console-setup/compose.ISO-8859-15.inc
20211219-062032-UTC, Linux a5e7b6300122 5.4.0-91-generic #102-Ubuntu SMP Fri Nov 5 16:31:28 UTC 2021 x86_64 GNU/Linux, 1893bc3994c24917c907a17ceb2f284b, -rw-r--r-- 1 root root 4.4K Apr 24 2010, /etc/console-setup/compose.ISO-8859-9.inc
20211219-062032-UTC, Linux a5e7b6300122 5.4.0-91-generic #102-Ubuntu SMP Fri Nov 5 16:31:28 UTC 2021 x86_64 GNU/Linux, 5ada7fbba750192f11fa238add232ba9, -rw-r--r-- 1 root root 35 Apr 24 2010, /etc/console-setup/compose.ISIRI-3342.inc
20211219-062032-UTC, Linux a5e7b6300122 5.4.0-91-generic #102-Ubuntu SMP Fri Nov 5 16:31:28 UTC 2021 x86_64 GNU/Linux, 179f2ed4f85cbaca12fa3d69c2a4a1c3, -rw-r--r-- 1 root root 173 Apr 15 2010, /etc/logrotate.d/apt
20211219-062032-UTC, Linux a5e7b6300122 5.4.0-91-generic #102-Ubuntu SMP Fri Nov 5 16:31:28 UTC 2021 x86_64 GNU/Linux, 9e25c8505966b5829785f34a548ae11f, -rw-r--r-- 1 root root 112 Apr 15 2010, /etc/logrotate.d/dpkg
20211219-062032-UTC, Linux a5e7b6300122 5.4.0-91-generic #102-Ubuntu SMP Fri Nov 5 16:31:28 UTC 2021 x86_64 GNU/Linux, fb66bc5dc8c13edbcb83cea15ff86959, -rw-r--r-- 1 root root 79 Apr 9 2010, /etc/logrotate.d/aptitude
20211219-062032-UTC, Linux a5e7b6300122 5.4.0-91-generic #102-Ubuntu SMP Fri Nov 5 16:31:28 UTC 2021 x86_64 GNU/Linux, a5b57eb392a10dba65760e89dcdc508c, -rw-r--r-- 1 root root 515 Feb 24 2010, /etc/logrotate.d/rsyslog
20211219-062032-UTC, Linux a5e7b6300122 5.4.0-91-generic #102-Ubuntu SMP Fri Nov 5 16:31:28 UTC 2021 x86_64 GNU/Linux, 4b3389be7132a6a8805f3df8d0ff00f6, -rw-r--r-- 1 root root 3.0K Apr 22 2010, /etc/gai.conf
20211219-062032-UTC, Linux a5e7b6300122 5.4.0-91-generic #102-Ubuntu SMP Fri Nov 5 16:31:28 UTC 2021 x86_64 GNU/Linux, 3ae1cdb6091b6423926e62e025e47621, -rw-r--r-- 1 root root 261 Oct 14 2009, /etc/default/rcS
20211219-062032-UTC, Linux a5e7b6300122 5.4.0-91-generic #102-Ubuntu SMP Fri Nov 5 16:31:28 UTC 2021 x86_64 GNU/Linux, fc857c5ac5fb84d80720ed4d1c624f6e, -rw-r--r-- 1 root root 92 Sep 7 2009, /etc/default/devpts
20211219-062032-UTC, Linux a5e7b6300122 5.4.0-91-generic #102-Ubuntu SMP Fri Nov 5 16:31:28 UTC 2021 x86_64 GNU/Linux, cc9f9a7713ab62a32cd38363d958f396, -rw-r--r-- 1 root root 1.1K Jan 26 2010, /etc/default/useradd
20211219-062032-UTC, Linux a5e7b6300122 5.4.0-91-generic #102-Ubuntu SMP Fri Nov 5 16:31:28 UTC 2021 x86_64 GNU/Linux, 9244cd5a19c778105fdfe6ea3ac9faa2, -rw-r--r-- 1 root root 1.7K Jan 29 2014, /etc/default/console-setup
20211219-062032-UTC, Linux a5e7b6300122 5.4.0-91-generic #102-Ubuntu SMP Fri Nov 5 16:31:28 UTC 2021 x86_64 GNU/Linux, 18d9844cf8ca8608e2a559a4555e593a, -rw-r--r-- 1 root root 86 Sep 7 2009, /etc/default/halt
20211219-062032-UTC, Linux a5e7b6300122 5.4.0-91-generic #102-Ubuntu SMP Fri Nov 5 16:31:28 UTC 2021 x86_64 GNU/Linux, 4101a0ab2d7993a19c7d4eb74bf6494b, -rw-r--r-- 1 root root 321 Feb 24 2010, /etc/default/rsyslog
20211219-062032-UTC, Linux a5e7b6300122 5.4.0-91-generic #102-Ubuntu SMP Fri Nov 5 16:31:28 UTC 2021 x86_64 GNU/Linux, 70a108da715299a6e33470eb450669fb, -rw-r--r-- 1 root root 47 Sep 7 2009, /etc/default/bootlogd
20211219-062032-UTC, Linux a5e7b6300122 5.4.0-91-generic #102-Ubuntu SMP Fri Nov 5 16:31:28 UTC 2021 x86_64 GNU/Linux, 39415ec9778476795fdbb832adc43b9b, -rw-r--r-- 1 root root 456 Feb 3 2010, /etc/default/ntpdate
20211219-062032-UTC, Linux a5e7b6300122 5.4.0-91-generic #102-Ubuntu SMP Fri Nov 5 16:31:28 UTC 2021 x86_64 GNU/Linux, d959a98cfb571cd7fdfb36bbb3d0a5c8, -rw-r--r-- 1 root root 289 Sep 7 2009, /etc/default/tmpfs
20211219-062032-UTC, Linux a5e7b6300122 5.4.0-91-generic #102-Ubuntu SMP Fri Nov 5 16:31:28 UTC 2021 x86_64 GNU/Linux, 54338f8a86ff926a7fd66b7d58bb95f9, -rw-r--r-- 1 root root 188 Jan 29 2014, /etc/network/interfaces
20211219-062032-UTC, Linux a5e7b6300122 5.4.0-91-generic #102-Ubuntu SMP Fri Nov 5 16:31:28 UTC 2021 x86_64 GNU/Linux, 87fc76f18e98ee7d3848f6b81b3391e5, -rw-r--r-- 1 root root 552 Apr 13 2010, /etc/pam.conf
20211219-062032-UTC, Linux a5e7b6300122 5.4.0-91-generic #102-Ubuntu SMP Fri Nov 5 16:31:28 UTC 2021 x86_64 GNU/Linux, 154db0e55fa99051ff1bd99e5b2c0584, -rw-r--r-- 1 root root 344 Apr 22 2010, /etc/bindresvport.blacklist
20211219-062032-UTC, Linux a5e7b6300122 5.4.0-91-generic #102-Ubuntu SMP Fri Nov 5 16:31:28 UTC 2021 x86_64 GNU/Linux, 3aaa310b088fa84233d7fb2e358d4d29, -rw-r--r-- 1 root root 2.6K Dec 3 2009, /etc/protocols
20211219-062032-UTC, Linux a5e7b6300122 5.4.0-91-generic #102-Ubuntu SMP Fri Nov 5 16:31:28 UTC 2021 x86_64 GNU/Linux, d41d8cd98f00b204e9800998ecf8427e, -rw------- 1 root root 0 Jan 29 2014, /etc/.pwd.lock
20211219-062032-UTC, Linux a5e7b6300122 5.4.0-91-generic #102-Ubuntu SMP Fri Nov 5 16:31:28 UTC 2021 x86_64 GNU/Linux, 7c8439ef36b12e5f226b5dbfa20b8c2d, -rw-r--r-- 1 root root 31 Apr 14 2010, /etc/depmod.d/ubuntu.conf
20211219-062032-UTC, Linux a5e7b6300122 5.4.0-91-generic #102-Ubuntu SMP Fri Nov 5 16:31:28 UTC 2021 x86_64 GNU/Linux, 6d554b8ddc32d035ba82eecbd24bd669, -rw-r--r-- 1 root root 12 Dec 19 06:18, /etc/hostname
20211219-062032-UTC, Linux a5e7b6300122 5.4.0-91-generic #102-Ubuntu SMP Fri Nov 5 16:31:28 UTC 2021 x86_64 GNU/Linux, 856b64d15f052027a6807413e9035d3f, -rw-r--r-- 1 root root 1.9K Apr 19 2010, /etc/bash.bashrc
20211219-062032-UTC, Linux a5e7b6300122 5.4.0-91-generic #102-Ubuntu SMP Fri Nov 5 16:31:28 UTC 2021 x86_64 GNU/Linux, 0ae2cda1645723f062be3abaf4331747, -rw-r--r-- 1 root root 1.1K Jan 26 2010, /etc/securetty
20211219-062032-UTC, Linux a5e7b6300122 5.4.0-91-generic #102-Ubuntu SMP Fri Nov 5 16:31:28 UTC 2021 x86_64 GNU/Linux, 7f4c49e01e0a23d2f4b20eeb32e95abb, -rw-r--r-- 1 root root 321 Mar 22 2010, /etc/blkid.conf
20211219-062032-UTC, Linux a5e7b6300122 5.4.0-91-generic #102-Ubuntu SMP Fri Nov 5 16:31:28 UTC 2021 x86_64 GNU/Linux, 7309fb874571fe5447321b43448a50b3, -rw-r--r-- 1 root root 2.3K Jan 26 2010, /etc/pam.d/su
20211219-062032-UTC, Linux a5e7b6300122 5.4.0-91-generic #102-Ubuntu SMP Fri Nov 5 16:31:28 UTC 2021 x86_64 GNU/Linux, 837d7e3c52c5570b4e48d751cae9f8b0, -rw-r--r-- 1 root root 3.9K Jan 26 2010, /etc/pam.d/login
20211219-062032-UTC, Linux a5e7b6300122 5.4.0-91-generic #102-Ubuntu SMP Fri Nov 5 16:31:28 UTC 2021 x86_64 GNU/Linux, 402488da83015090763d681fffae6340, -rw-r--r-- 1 root root 119 Apr 13 2010, /etc/pam.d/sudo
20211219-062032-UTC, Linux a5e7b6300122 5.4.0-91-generic #102-Ubuntu SMP Fri Nov 5 16:31:28 UTC 2021 x86_64 GNU/Linux, a326c972f4f3d20e5f9e1b06eef4d620, -rw-r--r-- 1 root root 1.2K Jan 29 2014, /etc/pam.d/common-auth
20211219-062032-UTC, Linux a5e7b6300122 5.4.0-91-generic #102-Ubuntu SMP Fri Nov 5 16:31:28 UTC 2021 x86_64 GNU/Linux, 31aa7f2181889ffb00b87df4126d1701, -rw-r--r-- 1 root root 520 Apr 13 2010, /etc/pam.d/other
20211219-062032-UTC, Linux a5e7b6300122 5.4.0-91-generic #102-Ubuntu SMP Fri Nov 5 16:31:28 UTC 2021 x86_64 GNU/Linux, 9900720564cb4ee98b7da29e2d183cb2, -rw-r--r-- 1 root root 92 Jan 26 2010, /etc/pam.d/chpasswd
20211219-062032-UTC, Linux a5e7b6300122 5.4.0-91-generic #102-Ubuntu SMP Fri Nov 5 16:31:28 UTC 2021 x86_64 GNU/Linux, 9f2fbf01b1a36a017b16ea62c7ff4c22, -rw-r--r-- 1 root root 1.5K Jan 29 2014, /etc/pam.d/common-password
20211219-062032-UTC, Linux a5e7b6300122 5.4.0-91-generic #102-Ubuntu SMP Fri Nov 5 16:31:28 UTC 2021 x86_64 GNU/Linux, e2b72dd3efb2d6b29698f944d8723ab1, -rw-r--r-- 1 root root 1.2K Jan 29 2014, /etc/pam.d/common-session
20211219-062032-UTC, Linux a5e7b6300122 5.4.0-91-generic #102-Ubuntu SMP Fri Nov 5 16:31:28 UTC 2021 x86_64 GNU/Linux, 508d44b6daafbc3d6bd587e357a6ff5b, -rw-r--r-- 1 root root 1.2K Jan 29 2014, /etc/pam.d/common-session-noninteractive
20211219-062032-UTC, Linux a5e7b6300122 5.4.0-91-generic #102-Ubuntu SMP Fri Nov 5 16:31:28 UTC 2021 x86_64 GNU/Linux, 9d50c7dda6ba8b6a8422fd4453722324, -rw-r--r-- 1 root root 1.2K Jan 29 2014, /etc/pam.d/common-account
20211219-062032-UTC, Linux a5e7b6300122 5.4.0-91-generic #102-Ubuntu SMP Fri Nov 5 16:31:28 UTC 2021 x86_64 GNU/Linux, 4d466e00a348ba426130664d795e8afa, -rw-r--r-- 1 root root 384 Jan 26 2010, /etc/pam.d/chfn
20211219-062032-UTC, Linux a5e7b6300122 5.4.0-91-generic #102-Ubuntu SMP Fri Nov 5 16:31:28 UTC 2021 x86_64 GNU/Linux, eaf2ad85b5ccd06cceb19a3e75f40c63, -rw-r--r-- 1 root root 92 Jan 26 2010, /etc/pam.d/passwd
20211219-062032-UTC, Linux a5e7b6300122 5.4.0-91-generic #102-Ubuntu SMP Fri Nov 5 16:31:28 UTC 2021 x86_64 GNU/Linux, 1454e29bfa9f2a10836563e76936cea5, -rw-r--r-- 1 root root 92 Jan 26 2010, /etc/pam.d/newusers
20211219-062032-UTC, Linux a5e7b6300122 5.4.0-91-generic #102-Ubuntu SMP Fri Nov 5 16:31:28 UTC 2021 x86_64 GNU/Linux, a6e9b589e90009334ffd030d819290a6, -rw-r--r-- 1 root root 581 Jan 26 2010, /etc/pam.d/chsh
20211219-062032-UTC, Linux a5e7b6300122 5.4.0-91-generic #102-Ubuntu SMP Fri Nov 5 16:31:28 UTC 2021 x86_64 GNU/Linux, 0110675698d76228f087b314c6d814fb, -rw-r--r-- 1 root root 188 Jan 29 2014, /etc/apt/sources.list
20211219-062032-UTC, Linux a5e7b6300122 5.4.0-91-generic #102-Ubuntu SMP Fri Nov 5 16:31:28 UTC 2021 x86_64 GNU/Linux, ea843159939dd3afc2fe8d53920f02e0, -rw------- 1 root root 1.2K Jan 29 2014, /etc/apt/trustdb.gpg
20211219-062032-UTC, Linux a5e7b6300122 5.4.0-91-generic #102-Ubuntu SMP Fri Nov 5 16:31:28 UTC 2021 x86_64 GNU/Linux, d41d8cd98f00b204e9800998ecf8427e, -rw------- 1 root root 0 Jan 29 2014, /etc/apt/secring.gpg
20211219-062032-UTC, Linux a5e7b6300122 5.4.0-91-generic #102-Ubuntu SMP Fri Nov 5 16:31:28 UTC 2021 x86_64 GNU/Linux, 85b39c8f9413a8f29ddcce844d026929, -rw-r--r-- 1 root root 157 Apr 9 2010, /etc/apt/apt.conf.d/05aptitude
20211219-062032-UTC, Linux a5e7b6300122 5.4.0-91-generic #102-Ubuntu SMP Fri Nov 5 16:31:28 UTC 2021 x86_64 GNU/Linux, 6154750d39a78704b5bbf6fafd65ada7, -rw-r--r-- 1 root root 406 Apr 15 2010, /etc/apt/apt.conf.d/01autoremove
20211219-062032-UTC, Linux a5e7b6300122 5.4.0-91-generic #102-Ubuntu SMP Fri Nov 5 16:31:28 UTC 2021 x86_64 GNU/Linux, b02a49af378158c2c45158e991f9a987, -rw-r--r-- 1 root root 318 Jan 29 2014, /etc/apt/apt.conf.d/no-cache
20211219-062032-UTC, Linux a5e7b6300122 5.4.0-91-generic #102-Ubuntu SMP Fri Nov 5 16:31:28 UTC 2021 x86_64 GNU/Linux, 078b96538a377743bee0f554eb5b2fc6, -rw-r--r-- 1 root root 9 Apr 15 2010, /etc/apt/apt.conf.d/01ubuntu
20211219-062032-UTC, Linux a5e7b6300122 5.4.0-91-generic #102-Ubuntu SMP Fri Nov 5 16:31:28 UTC 2021 x86_64 GNU/Linux, 341190f50b907d798bcb98c9e0d9cb07, -rw-r--r-- 1 root root 27 Jan 29 2014, /etc/apt/apt.conf.d/no-languages
20211219-062032-UTC, Linux a5e7b6300122 5.4.0-91-generic #102-Ubuntu SMP Fri Nov 5 16:31:28 UTC 2021 x86_64 GNU/Linux, 7e9d09d5801a42b4926b736b8eeabb73, -rw-r--r-- 1 root root 182 Apr 9 2010, /etc/apt/apt.conf.d/70debconf
20211219-062032-UTC, Linux a5e7b6300122 5.4.0-91-generic #102-Ubuntu SMP Fri Nov 5 16:31:28 UTC 2021 x86_64 GNU/Linux, 310ab3ec9e505b54aa6a4489ec55f4b7, -rw-r--r-- 1 root root 6.6K Jan 29 2014, /etc/apt/trusted.gpg~
20211219-062032-UTC, Linux a5e7b6300122 5.4.0-91-generic #102-Ubuntu SMP Fri Nov 5 16:31:28 UTC 2021 x86_64 GNU/Linux, 2da9538bbb4eaec69e47de5b105217a8, -rw-r--r-- 1 root root 6.6K Jan 29 2014, /etc/apt/trusted.gpg
20211219-062032-UTC, Linux a5e7b6300122 5.4.0-91-generic #102-Ubuntu SMP Fri Nov 5 16:31:28 UTC 2021 x86_64 GNU/Linux, 64be74cddb0c74b7d98202b40389784c, -rw-r--r-- 1 root root 2.4K Apr 2 2010, /etc/dbus-1/system.d/Upstart.conf
20211219-062032-UTC, Linux a5e7b6300122 5.4.0-91-generic #102-Ubuntu SMP Fri Nov 5 16:31:28 UTC 2021 x86_64 GNU/Linux, 360f70ce177a300375555cf5b4f61b84, -r--r----- 1 root root 533 Jan 29 2014, /etc/sudoers
20211219-062032-UTC, Linux a5e7b6300122 5.4.0-91-generic #102-Ubuntu SMP Fri Nov 5 16:31:28 UTC 2021 x86_64 GNU/Linux, 7137bdf40e8d58c87ac7e3bba503767f, -rw-r--r-- 1 root root 112 Dec 26 2009, /etc/iproute2/rt_realms
20211219-062032-UTC, Linux a5e7b6300122 5.4.0-91-generic #102-Ubuntu SMP Fri Nov 5 16:31:28 UTC 2021 x86_64 GNU/Linux, 95ce0b4b5b79f5a8a45941fb418a904c, -rw-r--r-- 1 root root 317 Dec 26 2009, /etc/iproute2/rt_protos
20211219-062032-UTC, Linux a5e7b6300122 5.4.0-91-generic #102-Ubuntu SMP Fri Nov 5 16:31:28 UTC 2021 x86_64 GNU/Linux, 0b9befbbbee4b415319b8070f18b9b88, -rw-r--r-- 1 root root 59 Dec 26 2009, /etc/iproute2/ematch_map
20211219-062032-UTC, Linux a5e7b6300122 5.4.0-91-generic #102-Ubuntu SMP Fri Nov 5 16:31:28 UTC 2021 x86_64 GNU/Linux, 4264d5c7c8298300185aa04e1a736934, -rw-r--r-- 1 root root 442 Dec 26 2009, /etc/iproute2/rt_dsfield
20211219-062032-UTC, Linux a5e7b6300122 5.4.0-91-generic #102-Ubuntu SMP Fri Nov 5 16:31:28 UTC 2021 x86_64 GNU/Linux, a1313318d6778fe6b8c680248ef5a463, -rw-r--r-- 1 root root 87 Dec 26 2009, /etc/iproute2/rt_tables
20211219-062032-UTC, Linux a5e7b6300122 5.4.0-91-generic #102-Ubuntu SMP Fri Nov 5 16:31:28 UTC 2021 x86_64 GNU/Linux, 6298b8df09e9bda23ea7da49021ca457, -rw-r--r-- 1 root root 92 Dec 26 2009, /etc/iproute2/rt_scopes
20211219-062032-UTC, Linux a5e7b6300122 5.4.0-91-generic #102-Ubuntu SMP Fri Nov 5 16:31:28 UTC 2021 x86_64 GNU/Linux, f4413ffb515f8f753624ae3bb365b81b, -rw-r--r-- 1 root root 446 Apr 15 2010, /etc/dpkg/dpkg.cfg
20211219-062032-UTC, Linux a5e7b6300122 5.4.0-91-generic #102-Ubuntu SMP Fri Nov 5 16:31:28 UTC 2021 x86_64 GNU/Linux, 731423fa8ba067262f8ef37882d1e742, -rw-r--r-- 1 root root 82 Apr 23 2010, /etc/dpkg/origins/debian
20211219-062032-UTC, Linux a5e7b6300122 5.4.0-91-generic #102-Ubuntu SMP Fri Nov 5 16:31:28 UTC 2021 x86_64 GNU/Linux, ea35901c45553c3451f60476be94d2d8, -rw-r--r-- 1 root root 114 Apr 23 2010, /etc/dpkg/origins/ubuntu
20211219-062032-UTC, Linux a5e7b6300122 5.4.0-91-generic #102-Ubuntu SMP Fri Nov 5 16:31:28 UTC 2021 x86_64 GNU/Linux, 3fc185419358039e85ea7e231117b02b, -rw-r--r-- 1 root root 353 Sep 7 2009, /etc/rc0.d/README
20211219-062032-UTC, Linux a5e7b6300122 5.4.0-91-generic #102-Ubuntu SMP Fri Nov 5 16:31:28 UTC 2021 x86_64 GNU/Linux, 6da989d03d9229f3aa94d8d342c7f4fe, -rw-r--r-- 1 root root 24 Jan 29 2014, /etc/init.d/.depend.boot
20211219-062032-UTC, Linux a5e7b6300122 5.4.0-91-generic #102-Ubuntu SMP Fri Nov 5 16:31:28 UTC 2021 x86_64 GNU/Linux, d41d8cd98f00b204e9800998ecf8427e, -rw-r--r-- 1 root root 0 Jan 29 2014, /etc/init.d/.legacy-bootordering
20211219-062032-UTC, Linux a5e7b6300122 5.4.0-91-generic #102-Ubuntu SMP Fri Nov 5 16:31:28 UTC 2021 x86_64 GNU/Linux, 6da989d03d9229f3aa94d8d342c7f4fe, -rw-r--r-- 1 root root 24 Jan 29 2014, /etc/init.d/.depend.start
20211219-062032-UTC, Linux a5e7b6300122 5.4.0-91-generic #102-Ubuntu SMP Fri Nov 5 16:31:28 UTC 2021 x86_64 GNU/Linux, 9c5506dee259c3026ff1ee5f77ea6f01, -rw-r--r-- 1 root root 4.2K Sep 7 2009, /etc/init.d/skeleton
20211219-062032-UTC, Linux a5e7b6300122 5.4.0-91-generic #102-Ubuntu SMP Fri Nov 5 16:31:28 UTC 2021 x86_64 GNU/Linux, 0a9482b0fa075e3ca1b4ee9516e6844a, -rw-r--r-- 1 root root 1.5K Sep 7 2009, /etc/init.d/README
20211219-062032-UTC, Linux a5e7b6300122 5.4.0-91-generic #102-Ubuntu SMP Fri Nov 5 16:31:28 UTC 2021 x86_64 GNU/Linux, 047a86b6fb92cbf5b1af2e069fb7da58, -rw-r--r-- 1 root root 10 Jan 29 2014, /etc/init.d/.depend.stop
20211219-062032-UTC, Linux a5e7b6300122 5.4.0-91-generic #102-Ubuntu SMP Fri Nov 5 16:31:28 UTC 2021 x86_64 GNU/Linux, 2f1f15d62b45ab43c04b3ddbfcf591ec, -rw-r--r-- 1 root root 170 Mar 12 2010, /etc/kbd/remap
20211219-062032-UTC, Linux a5e7b6300122 5.4.0-91-generic #102-Ubuntu SMP Fri Nov 5 16:31:28 UTC 2021 x86_64 GNU/Linux, 182c6394322efb8a10e6e95836ad220d, -rw-r--r-- 1 root root 2.5K Mar 12 2010, /etc/kbd/config
20211219-062032-UTC, Linux a5e7b6300122 5.4.0-91-generic #102-Ubuntu SMP Fri Nov 5 16:31:28 UTC 2021 x86_64 GNU/Linux, d1da9bb08c2b0f56f3be93fd0e37946b, -rw-r--r-- 1 root root 325 Apr 14 2010, /etc/modprobe.d/blacklist-ath_pci.conf
20211219-062032-UTC, Linux a5e7b6300122 5.4.0-91-generic #102-Ubuntu SMP Fri Nov 5 16:31:28 UTC 2021 x86_64 GNU/Linux, 55327f9270c8a6257a833c4d127a39e1, -rw-r--r-- 1 root root 1.1K Apr 14 2010, /etc/modprobe.d/blacklist-watchdog.conf
20211219-062032-UTC, Linux a5e7b6300122 5.4.0-91-generic #102-Ubuntu SMP Fri Nov 5 16:31:28 UTC 2021 x86_64 GNU/Linux, cb8a4c10a5dddd1d67092198b1ae415f, -rw-r--r-- 1 root root 213 Apr 14 2010, /etc/modprobe.d/blacklist-firewire.conf
20211219-062032-UTC, Linux a5e7b6300122 5.4.0-91-generic #102-Ubuntu SMP Fri Nov 5 16:31:28 UTC 2021 x86_64 GNU/Linux, b46c9509180b5a76145f08be46b1aff5, -rw-r--r-- 1 root root 660 Apr 14 2010, /etc/modprobe.d/blacklist-framebuffer.conf
20211219-062032-UTC, Linux a5e7b6300122 5.4.0-91-generic #102-Ubuntu SMP Fri Nov 5 16:31:28 UTC 2021 x86_64 GNU/Linux, bc6754fa320733c6d239a4bb0148ffd7, -rw-r--r-- 1 root root 1.6K Apr 14 2010, /etc/modprobe.d/blacklist.conf
20211219-062032-UTC, Linux a5e7b6300122 5.4.0-91-generic #102-Ubuntu SMP Fri Nov 5 16:31:28 UTC 2021 x86_64 GNU/Linux, d0e5c32adfd1fd32ab7cbcc638066903, -rw-r--r-- 1 root root 6.8K Jan 29 2014, /etc/ld.so.cache
20211219-062032-UTC, Linux a5e7b6300122 5.4.0-91-generic #102-Ubuntu SMP Fri Nov 5 16:31:28 UTC 2021 x86_64 GNU/Linux, c23fcbb29dda6c1499e6a5e5ade0265e, -rw-r--r-- 1 root root 2.2K Apr 13 2010, /etc/security/time.conf
20211219-062032-UTC, Linux a5e7b6300122 5.4.0-91-generic #102-Ubuntu SMP Fri Nov 5 16:31:28 UTC 2021 x86_64 GNU/Linux, 5a6bd21801df034da8d64b407470e8f6, -rw-r--r-- 1 root root 3.4K Apr 13 2010, /etc/security/group.conf
20211219-062032-UTC, Linux a5e7b6300122 5.4.0-91-generic #102-Ubuntu SMP Fri Nov 5 16:31:28 UTC 2021 x86_64 GNU/Linux, c600fa5899cfb3198a01dfba2bf281f3, -rw-r--r-- 1 root root 1.5K Apr 13 2010, /etc/security/namespace.conf
20211219-062032-UTC, Linux a5e7b6300122 5.4.0-91-generic #102-Ubuntu SMP Fri Nov 5 16:31:28 UTC 2021 x86_64 GNU/Linux, d41d8cd98f00b204e9800998ecf8427e, -rw------- 1 root root 0 Jan 29 2014, /etc/security/opasswd
20211219-062032-UTC, Linux a5e7b6300122 5.4.0-91-generic #102-Ubuntu SMP Fri Nov 5 16:31:28 UTC 2021 x86_64 GNU/Linux, d41c74654734a5c069a37bfc02f0a6d4, -rw-r--r-- 1 root root 419 Apr 13 2010, /etc/security/sepermit.conf
20211219-062032-UTC, Linux a5e7b6300122 5.4.0-91-generic #102-Ubuntu SMP Fri Nov 5 16:31:28 UTC 2021 x86_64 GNU/Linux, 13ec4d189f0ed9acf3433977a53d446b, -rw-r--r-- 1 root root 4.6K Apr 13 2010, /etc/security/access.conf
20211219-062032-UTC, Linux a5e7b6300122 5.4.0-91-generic #102-Ubuntu SMP Fri Nov 5 16:31:28 UTC 2021 x86_64 GNU/Linux, cbacdff4aa5f51749f191b32754946cb, -rw-r--r-- 1 root root 2.2K Apr 13 2010, /etc/security/limits.conf
20211219-062032-UTC, Linux a5e7b6300122 5.4.0-91-generic #102-Ubuntu SMP Fri Nov 5 16:31:28 UTC 2021 x86_64 GNU/Linux, ed3f430e418ad366ddb23307a8755249, -rw-r--r-- 1 root root 3.0K Apr 13 2010, /etc/security/pam_env.conf
20211219-062032-UTC, Linux a5e7b6300122 5.4.0-91-generic #102-Ubuntu SMP Fri Nov 5 16:31:28 UTC 2021 x86_64 GNU/Linux, d6b276695157bde06a56ba1b2bc53670, -rw-r--r-- 1 root root 155 Apr 16 2010, /etc/python2.6/sitecustomize.py
20211219-062032-UTC, Linux a5e7b6300122 5.4.0-91-generic #102-Ubuntu SMP Fri Nov 5 16:31:28 UTC 2021 x86_64 GNU/Linux, 32975fe14795d6fce1408d5fd22747fd, -rw-r--r-- 1 root root 736 Nov 5 2009, /etc/bash_completion.d/insserv
20211219-062032-UTC, Linux a5e7b6300122 5.4.0-91-generic #102-Ubuntu SMP Fri Nov 5 16:31:28 UTC 2021 x86_64 GNU/Linux, 8fa1862734fbe54d7178aaaa419f5a11, -rw-r--r-- 1 root root 293 Apr 9 2010, /etc/bash_completion.d/debconf
20211219-062032-UTC, Linux a5e7b6300122 5.4.0-91-generic #102-Ubuntu SMP Fri Nov 5 16:31:28 UTC 2021 x86_64 GNU/Linux, c79354b8dbee09e62bbc3fb544853283, -rw-r--r-- 1 root root 118 Jan 29 2014, /etc/localtime
20211219-062032-UTC, Linux a5e7b6300122 5.4.0-91-generic #102-Ubuntu SMP Fri Nov 5 16:31:28 UTC 2021 x86_64 GNU/Linux, ac1446cd28de7387e63388ad0ce833f2, -rw-r--r-- 1 root root 677 Mar 30 2010, /etc/rc2.d/README
20211219-062032-UTC, Linux a5e7b6300122 5.4.0-91-generic #102-Ubuntu SMP Fri Nov 5 16:31:28 UTC 2021 x86_64 GNU/Linux, 4215f4b77571603bee82ef427ea0ef84, -rw-r--r-- 1 root root 37 Jan 29 2014, /etc/fstab
20211219-062032-UTC, Linux a5e7b6300122 5.4.0-91-generic #102-Ubuntu SMP Fri Nov 5 16:31:28 UTC 2021 x86_64 GNU/Linux, a3c07be36eacceaef3a282f2d0c708bd, -rw-r--r-- 1 root root 447 Sep 7 2009, /etc/rcS.d/README
20211219-062032-UTC, Linux a5e7b6300122 5.4.0-91-generic #102-Ubuntu SMP Fri Nov 5 16:31:28 UTC 2021 x86_64 GNU/Linux, 82711d8dc3e89c428b4694a284e32541, -rw-r--r-- 1 root root 12 Apr 23 2010, /etc/debian_version
20211219-062032-UTC, Linux a5e7b6300122 5.4.0-91-generic #102-Ubuntu SMP Fri Nov 5 16:31:28 UTC 2021 x86_64 GNU/Linux, 7f4739eb8858d231601a5ed144099ac8, -rw-r--r-- 1 root root 94 Jan 29 2014, /etc/python/debian_config
20211219-062032-UTC, Linux a5e7b6300122 5.4.0-91-generic #102-Ubuntu SMP Fri Nov 5 16:31:28 UTC 2021 x86_64 GNU/Linux, 5126106e3af09b522cdbd5e4685942af, -rw-r--r-- 1 root root 3.2K Dec 4 2009, /etc/lsb-base-logging.sh
20211219-062032-UTC, Linux a5e7b6300122 5.4.0-91-generic #102-Ubuntu SMP Fri Nov 5 16:31:28 UTC 2021 x86_64 GNU/Linux, d8241df4a40ce53e2c35378a5ed56611, -rw-r--r-- 1 root root 803 Jan 29 2014, /etc/passwd
20211219-062032-UTC, Linux a5e7b6300122 5.4.0-91-generic #102-Ubuntu SMP Fri Nov 5 16:31:28 UTC 2021 x86_64 GNU/Linux, ac1446cd28de7387e63388ad0ce833f2, -rw-r--r-- 1 root root 677 Mar 30 2010, /etc/rc4.d/README
20211219-062032-UTC, Linux a5e7b6300122 5.4.0-91-generic #102-Ubuntu SMP Fri Nov 5 16:31:28 UTC 2021 x86_64 GNU/Linux, b779759799b4ec17dd4dab41ad557f49, -rw-r--r-- 1 root root 17 Apr 23 2010, /etc/issue.net
20211219-062032-UTC, Linux a5e7b6300122 5.4.0-91-generic #102-Ubuntu SMP Fri Nov 5 16:31:28 UTC 2021 x86_64 GNU/Linux, 77bf501d287d0ed2527ec54743741369, -rw-r--r-- 1 root root 351 Sep 7 2009, /etc/rc6.d/README
20211219-062032-UTC, Linux a5e7b6300122 5.4.0-91-generic #102-Ubuntu SMP Fri Nov 5 16:31:28 UTC 2021 x86_64 GNU/Linux, 0773f7fd061b03b7643118d133e4c581, -rw-r--r-- 1 root root 24 Apr 23 2010, /etc/issue
20211219-062032-UTC, Linux a5e7b6300122 5.4.0-91-generic #102-Ubuntu SMP Fri Nov 5 16:31:28 UTC 2021 x86_64 GNU/Linux, 81f1039785395af461a9782401d763ce, -rw-r--r-- 1 root root 1.9K Apr 1 2010, /etc/apparmor.d/sbin.dhclient3
20211219-062032-UTC, Linux a5e7b6300122 5.4.0-91-generic #102-Ubuntu SMP Fri Nov 5 16:31:28 UTC 2021 x86_64 GNU/Linux, 6fe987237ccdfe6ad019e0812a049bdc, -rw------- 1 root root 461 Jan 29 2014, /etc/group-
20211219-062032-UTC, Linux a5e7b6300122 5.4.0-91-generic #102-Ubuntu SMP Fri Nov 5 16:31:28 UTC 2021 x86_64 GNU/Linux, 33c2a4bda46c7cee498bb660084492dd, -rw-r--r-- 1 root root 801 Apr 19 2010, /etc/mke2fs.conf
20211219-062032-UTC, Linux a5e7b6300122 5.4.0-91-generic #102-Ubuntu SMP Fri Nov 5 16:31:28 UTC 2021 x86_64 GNU/Linux, d87043fc7ab27a9364d3ffac5e2a50fd, -rw------- 1 root root 386 Jan 29 2014, /etc/gshadow-
20211219-062032-UTC, Linux a5e7b6300122 5.4.0-91-generic #102-Ubuntu SMP Fri Nov 5 16:31:28 UTC 2021 x86_64 GNU/Linux, 2081f795b0f92490c1c3f00b964e36de, -rw-r--r-- 1 root root 3.0K Jan 29 2014, /etc/adduser.conf
20211219-062032-UTC, Linux a5e7b6300122 5.4.0-91-generic #102-Ubuntu SMP Fri Nov 5 16:31:28 UTC 2021 x86_64 GNU/Linux, 8d7193abcc4dfedaf519dd03016a5e59, -rw-r--r-- 1 root root 506 Dec 16 2009, /etc/sysctl.d/10-zeropage.conf
20211219-062032-UTC, Linux a5e7b6300122 5.4.0-91-generic #102-Ubuntu SMP Fri Nov 5 16:31:28 UTC 2021 x86_64 GNU/Linux, 154f6f5c5810d10bb303fb6a8e907c6a, -rw-r--r-- 1 root root 77 Dec 16 2009, /etc/sysctl.d/10-console-messages.conf
20211219-062032-UTC, Linux a5e7b6300122 5.4.0-91-generic #102-Ubuntu SMP Fri Nov 5 16:31:28 UTC 2021 x86_64 GNU/Linux, c20074b9b11a5202758c69d7bcb6996f, -rw-r--r-- 1 root root 519 Dec 16 2009, /etc/sysctl.d/README
20211219-062032-UTC, Linux a5e7b6300122 5.4.0-91-generic #102-Ubuntu SMP Fri Nov 5 16:31:28 UTC 2021 x86_64 GNU/Linux, 4ac7258f5336e7eeaf448c05ab668d3c, -rw-r--r-- 1 root root 509 Dec 16 2009, /etc/sysctl.d/10-network-security.conf
20211219-062032-UTC, Linux a5e7b6300122 5.4.0-91-generic #102-Ubuntu SMP Fri Nov 5 16:31:28 UTC 2021 x86_64 GNU/Linux, 0e85c87e09d716ecb03624ccff511760, -rw-r--r-- 1 root root 165 Jan 29 2014, /etc/shells
20211219-062032-UTC, Linux a5e7b6300122 5.4.0-91-generic #102-Ubuntu SMP Fri Nov 5 16:31:28 UTC 2021 x86_64 GNU/Linux, d8241df4a40ce53e2c35378a5ed56611, -rw------- 1 root root 803 Jan 29 2014, /etc/passwd-
20211219-062032-UTC, Linux a5e7b6300122 5.4.0-91-generic #102-Ubuntu SMP Fri Nov 5 16:31:28 UTC 2021 x86_64 GNU/Linux, 2ec19eb188781dd8e2ff0ad509399497, -r--r----- 1 root root 819 Apr 13 2010, /etc/sudoers.d/README
20211219-062032-UTC, Linux a5e7b6300122 5.4.0-91-generic #102-Ubuntu SMP Fri Nov 5 16:31:28 UTC 2021 x86_64 GNU/Linux, ecb6d3479ac3823f1da7f314d871989b, -rw-r--r-- 1 root root 675 Apr 19 2010, /etc/skel/.profile
20211219-062032-UTC, Linux a5e7b6300122 5.4.0-91-generic #102-Ubuntu SMP Fri Nov 5 16:31:28 UTC 2021 x86_64 GNU/Linux, 65c464307b8370db7fd43189f237dbd6, -rw-r--r-- 1 root root 3.1K Apr 19 2010, /etc/skel/.bashrc
20211219-062032-UTC, Linux a5e7b6300122 5.4.0-91-generic #102-Ubuntu SMP Fri Nov 5 16:31:28 UTC 2021 x86_64 GNU/Linux, 22bfb8c1dd94b5f3813a2b25da67463f, -rw-r--r-- 1 root root 220 Apr 19 2010, /etc/skel/.bash_logout
20211219-062032-UTC, Linux a5e7b6300122 5.4.0-91-generic #102-Ubuntu SMP Fri Nov 5 16:31:28 UTC 2021 x86_64 GNU/Linux, 5565b8b26108c49ba575ba452cd69b3e, -rw-r--r-- 1 root root 1.3K May 30 2008, /etc/ucf.conf
20211219-062032-UTC, Linux a5e7b6300122 5.4.0-91-generic #102-Ubuntu SMP Fri Nov 5 16:31:28 UTC 2021 x86_64 GNU/Linux, a50b6779ddccab3277e2560028f3eb15, -rw-r--r-- 1 root root 102 Apr 23 2010, /etc/lsb-release
20211219-062032-UTC, Linux a5e7b6300122 5.4.0-91-generic #102-Ubuntu SMP Fri Nov 5 16:31:28 UTC 2021 x86_64 GNU/Linux, 182bb938192636c8b62e3d4349de6f72, -rw-r--r-- 1 root root 11K Jan 26 2010, /etc/login.defs
20211219-062032-UTC, Linux a5e7b6300122 5.4.0-91-generic #102-Ubuntu SMP Fri Nov 5 16:31:28 UTC 2021 x86_64 GNU/Linux, 86b831bbed0a49bc7361ed64d6c09435, -rw-r--r-- 1 root root 2.0K Dec 16 2009, /etc/sysctl.conf
20211219-062032-UTC, Linux a5e7b6300122 5.4.0-91-generic #102-Ubuntu SMP Fri Nov 5 16:31:28 UTC 2021 x86_64 GNU/Linux, 3b4112567ad92c78ccc16c670df381e9, -rw-r--r-- 1 root root 662 Apr 16 2010, /etc/vim/vimrc.tiny
20211219-062032-UTC, Linux a5e7b6300122 5.4.0-91-generic #102-Ubuntu SMP Fri Nov 5 16:31:28 UTC 2021 x86_64 GNU/Linux, e8793640eb83ade46e2d452bcf62e7e3, -rw-r--r-- 1 root root 2.2K Apr 16 2010, /etc/vim/vimrc
20211219-062032-UTC, Linux a5e7b6300122 5.4.0-91-generic #102-Ubuntu SMP Fri Nov 5 16:31:28 UTC 2021 x86_64 GNU/Linux, 89408008f2585c957c031716600d5a80, -rw-r--r-- 1 root root 92 Apr 23 2010, /etc/host.conf
20211219-062032-UTC, Linux a5e7b6300122 5.4.0-91-generic #102-Ubuntu SMP Fri Nov 5 16:31:28 UTC 2021 x86_64 GNU/Linux, 36d47e8d1a113bac3e1319c98a533e5a, -rw-r--r-- 1 root root 1.7K Jan 18 2010, /etc/inputrc
20211219-062032-UTC, Linux a5e7b6300122 5.4.0-91-generic #102-Ubuntu SMP Fri Nov 5 16:31:28 UTC 2021 x86_64 GNU/Linux, 6f0f363d49ab378428c5e9280c22791f, -rw-r--r-- 1 root root 2.9K Dec 19 06:18, /etc/hosts
20211219-062032-UTC, Linux a5e7b6300122 5.4.0-91-generic #102-Ubuntu SMP Fri Nov 5 16:31:28 UTC 2021 x86_64 GNU/Linux, 4317c6de8564b68d628c21efa96b37e4, -rw-r--r-- 1 root root 34 Jan 29 2014, /etc/ld.so.conf
20211219-062032-UTC, Linux a5e7b6300122 5.4.0-91-generic #102-Ubuntu SMP Fri Nov 5 16:31:28 UTC 2021 x86_64 GNU/Linux, 1e2fdc7b62f4d1dee3845f5fc2b13fc4, -rw-r--r-- 1 root root 518 Mar 12 2010, /etc/init/console-setup.conf
20211219-062032-UTC, Linux a5e7b6300122 5.4.0-91-generic #102-Ubuntu SMP Fri Nov 5 16:31:28 UTC 2021 x86_64 GNU/Linux, 5daa5d5dafaee30442e4d8d82e542c0a, -rw-r--r-- 1 root root 888 Apr 27 2010, /etc/init/plymouth-splash.conf
20211219-062032-UTC, Linux a5e7b6300122 5.4.0-91-generic #102-Ubuntu SMP Fri Nov 5 16:31:28 UTC 2021 x86_64 GNU/Linux, 65d2943a69f455dec3fed43fd7996d76, -rw-r--r-- 1 root root 326 Apr 27 2010, /etc/init/plymouth-log.conf
20211219-062032-UTC, Linux a5e7b6300122 5.4.0-91-generic #102-Ubuntu SMP Fri Nov 5 16:31:28 UTC 2021 x86_64 GNU/Linux, a0352db1159bc9f4322170dd78cd1dae, -rw-r--r-- 1 root root 996 Apr 27 2010, /etc/init/plymouth.conf
20211219-062032-UTC, Linux a5e7b6300122 5.4.0-91-generic #102-Ubuntu SMP Fri Nov 5 16:31:28 UTC 2021 x86_64 GNU/Linux, 9803918babed47f733554dcd556d09d1, -rw-r--r-- 1 root root 213 Apr 2 2010, /etc/init/tty5.conf
20211219-062032-UTC, Linux a5e7b6300122 5.4.0-91-generic #102-Ubuntu SMP Fri Nov 5 16:31:28 UTC 2021 x86_64 GNU/Linux, 648f1539afb7ddbe8b5f26f1c12ef8e5, -rw-r--r-- 1 root root 280 Feb 24 2010, /etc/init/rsyslog.conf
20211219-062032-UTC, Linux a5e7b6300122 5.4.0-91-generic #102-Ubuntu SMP Fri Nov 5 16:31:28 UTC 2021 x86_64 GNU/Linux, 27b4a36d59bf74fd6792a69394511e42, -rw-r--r-- 1 root root 213 Apr 2 2010, /etc/init/tty4.conf
20211219-062032-UTC, Linux a5e7b6300122 5.4.0-91-generic #102-Ubuntu SMP Fri Nov 5 16:31:28 UTC 2021 x86_64 GNU/Linux, 16f1ef5e6e1a9c589fa6993af7ea9ff5, -rw-r--r-- 1 root root 318 Apr 19 2010, /etc/init/udevtrigger.conf
20211219-062032-UTC, Linux a5e7b6300122 5.4.0-91-generic #102-Ubuntu SMP Fri Nov 5 16:31:28 UTC 2021 x86_64 GNU/Linux, b75577836957bb5adb50b3482c429edb, -rw-r--r-- 1 root root 213 Apr 2 2010, /etc/init/tty3.conf
20211219-062032-UTC, Linux a5e7b6300122 5.4.0-91-generic #102-Ubuntu SMP Fri Nov 5 16:31:28 UTC 2021 x86_64 GNU/Linux, 48db1b767c3148fd83eba59d12fc9a5e, -rw-r--r-- 1 root root 367 Apr 14 2010, /etc/init/module-init-tools.conf
20211219-062032-UTC, Linux a5e7b6300122 5.4.0-91-generic #102-Ubuntu SMP Fri Nov 5 16:31:28 UTC 2021 x86_64 GNU/Linux, 4a002046525e338fc23e4418602865c9, -rw-r--r-- 1 root root 444 Mar 22 2010, /etc/init/hwclock-save.conf
20211219-062032-UTC, Linux a5e7b6300122 5.4.0-91-generic #102-Ubuntu SMP Fri Nov 5 16:31:28 UTC 2021 x86_64 GNU/Linux, bd9285c6f7626d50bf183a36645f97fb, -rw-r--r-- 1 root root 683 Feb 17 2010, /etc/init/ureadahead-other.conf
20211219-062032-UTC, Linux a5e7b6300122 5.4.0-91-generic #102-Ubuntu SMP Fri Nov 5 16:31:28 UTC 2021 x86_64 GNU/Linux, e1f786e36cfe970812604b86ba03a9f0, -rw-r--r-- 1 root root 493 Feb 20 2010, /etc/init/network-interface.conf
20211219-062032-UTC, Linux a5e7b6300122 5.4.0-91-generic #102-Ubuntu SMP Fri Nov 5 16:31:28 UTC 2021 x86_64 GNU/Linux, 5eed82253d8c362021c344f1dbdc863b, -rw-r--r-- 1 root root 213 Apr 2 2010, /etc/init/tty2.conf
20211219-062032-UTC, Linux a5e7b6300122 5.4.0-91-generic #102-Ubuntu SMP Fri Nov 5 16:31:28 UTC 2021 x86_64 GNU/Linux, 72d5354efb1017283c440cf102b5d74a, -rw-r--r-- 1 root root 293 Dec 16 2009, /etc/init/procps.conf
20211219-062032-UTC, Linux a5e7b6300122 5.4.0-91-generic #102-Ubuntu SMP Fri Nov 5 16:31:28 UTC 2021 x86_64 GNU/Linux, b541dfb5aa4958e9a5336ecaec00ca15, -rw-r--r-- 1 root root 356 Apr 19 2010, /etc/init/udevmonitor.conf
20211219-062032-UTC, Linux a5e7b6300122 5.4.0-91-generic #102-Ubuntu SMP Fri Nov 5 16:31:28 UTC 2021 x86_64 GNU/Linux, b049fee4d7c235355555a004befe4633, -rw-r--r-- 1 root root 1.2K Apr 26 2010, /etc/init/mounted-tmp.conf
20211219-062032-UTC, Linux a5e7b6300122 5.4.0-91-generic #102-Ubuntu SMP Fri Nov 5 16:31:28 UTC 2021 x86_64 GNU/Linux, 543a3404e714bb96b676770c8334d86d, -rw-r--r-- 1 root root 228 Apr 2 2010, /etc/init/tty1.conf
20211219-062032-UTC, Linux a5e7b6300122 5.4.0-91-generic #102-Ubuntu SMP Fri Nov 5 16:31:28 UTC 2021 x86_64 GNU/Linux, 6ae75c01975bcbc8fc32298983bbbf9b, -rw-r--r-- 1 root root 1.2K Feb 20 2010, /etc/init/network-interface-security.conf
20211219-062032-UTC, Linux a5e7b6300122 5.4.0-91-generic #102-Ubuntu SMP Fri Nov 5 16:31:28 UTC 2021 x86_64 GNU/Linux, 218f9baf50c95553d5b611d62de520e1, -rw-r--r-- 1 root root 273 Feb 24 2010, /etc/init/dmesg.conf
20211219-062032-UTC, Linux a5e7b6300122 5.4.0-91-generic #102-Ubuntu SMP Fri Nov 5 16:31:28 UTC 2021 x86_64 GNU/Linux, 8af8451b188d626e6e7ea92c90d7d64f, -rw-r--r-- 1 root root 332 Feb 20 2010, /etc/init/networking.conf
20211219-062032-UTC, Linux a5e7b6300122 5.4.0-91-generic #102-Ubuntu SMP Fri Nov 5 16:31:28 UTC 2021 x86_64 GNU/Linux, feff70cd7006f6763e24263d381940f3, -rw-r--r-- 1 root root 349 Apr 26 2010, /etc/init/mountall-net.conf
20211219-062032-UTC, Linux a5e7b6300122 5.4.0-91-generic #102-Ubuntu SMP Fri Nov 5 16:31:28 UTC 2021 x86_64 GNU/Linux, b3d59bd6e5debf634e4fe258d5a4dd71, -rw-r--r-- 1 root root 313 Apr 2 2010, /etc/init/upstart-udev-bridge.conf
20211219-062032-UTC, Linux a5e7b6300122 5.4.0-91-generic #102-Ubuntu SMP Fri Nov 5 16:31:28 UTC 2021 x86_64 GNU/Linux, 28ebb3ad2d2c6ca545d72f3f0769f448, -rw-r--r-- 1 root root 769 Apr 19 2010, /etc/init/udev-finish.conf
20211219-062032-UTC, Linux a5e7b6300122 5.4.0-91-generic #102-Ubuntu SMP Fri Nov 5 16:31:28 UTC 2021 x86_64 GNU/Linux, d9e4b079e8778361dd1a8cce7377028d, -rw-r--r-- 1 root root 889 Feb 17 2010, /etc/init/ureadahead.conf
20211219-062032-UTC, Linux a5e7b6300122 5.4.0-91-generic #102-Ubuntu SMP Fri Nov 5 16:31:28 UTC 2021 x86_64 GNU/Linux, e426591274acd83666295d90a937ee7a, -rw-r--r-- 1 root root 312 Mar 10 2010, /etc/init/hostname.conf
20211219-062032-UTC, Linux a5e7b6300122 5.4.0-91-generic #102-Ubuntu SMP Fri Nov 5 16:31:28 UTC 2021 x86_64 GNU/Linux, f422b651bb1fe8164f968bb58e18bb6c, -rw-r--r-- 1 root root 731 Apr 27 2010, /etc/init/plymouth-stop.conf
20211219-062032-UTC, Linux a5e7b6300122 5.4.0-91-generic #102-Ubuntu SMP Fri Nov 5 16:31:28 UTC 2021 x86_64 GNU/Linux, 0c983df7da8b456ea38068e39f2f2a1e, -rw-r--r-- 1 root root 427 Apr 26 2010, /etc/init/mounted-dev.conf
20211219-062032-UTC, Linux a5e7b6300122 5.4.0-91-generic #102-Ubuntu SMP Fri Nov 5 16:31:28 UTC 2021 x86_64 GNU/Linux, f1908b81facd9a0e78319327e6a9db0a, -rw-r--r-- 1 root root 490 Apr 26 2010, /etc/init/mounted-varrun.conf
20211219-062032-UTC, Linux a5e7b6300122 5.4.0-91-generic #102-Ubuntu SMP Fri Nov 5 16:31:28 UTC 2021 x86_64 GNU/Linux, 918e9d799d6aa99a0d96538d9685821d, -rw-r--r-- 1 root root 822 Apr 2 2010, /etc/init/rcS.conf
20211219-062032-UTC, Linux a5e7b6300122 5.4.0-91-generic #102-Ubuntu SMP Fri Nov 5 16:31:28 UTC 2021 x86_64 GNU/Linux, fba4525691d30c5b18cc3409f990c5be, -rw-r--r-- 1 root root 747 Apr 26 2010, /etc/init/mountall.conf
20211219-062032-UTC, Linux a5e7b6300122 5.4.0-91-generic #102-Ubuntu SMP Fri Nov 5 16:31:28 UTC 2021 x86_64 GNU/Linux, aa05af89db3de044d1cd7f6971b46d9f, -rw-r--r-- 1 root root 1.2K Apr 26 2010, /etc/init/mountall-shell.conf
20211219-062032-UTC, Linux a5e7b6300122 5.4.0-91-generic #102-Ubuntu SMP Fri Nov 5 16:31:28 UTC 2021 x86_64 GNU/Linux, 16e6603524084b63b0f0ca04eb56757e, -rw-r--r-- 1 root root 356 Apr 2 2010, /etc/init/control-alt-delete.conf
20211219-062032-UTC, Linux a5e7b6300122 5.4.0-91-generic #102-Ubuntu SMP Fri Nov 5 16:31:28 UTC 2021 x86_64 GNU/Linux, 57d33a5ba9c438b3be4275e908213535, -rw-r--r-- 1 root root 316 Apr 19 2010, /etc/init/udev.conf
20211219-062032-UTC, Linux a5e7b6300122 5.4.0-91-generic #102-Ubuntu SMP Fri Nov 5 16:31:28 UTC 2021 x86_64 GNU/Linux, bd0415c6387debecfff37a371b07002a, -rw-r--r-- 1 root root 1.5K Apr 2 2010, /etc/init/rc-sysinit.conf
20211219-062032-UTC, Linux a5e7b6300122 5.4.0-91-generic #102-Ubuntu SMP Fri Nov 5 16:31:28 UTC 2021 x86_64 GNU/Linux, 43e3c229085a13005b0681a49b2bef51, -rw-r--r-- 1 root root 261 Apr 26 2010, /etc/init/mountall-reboot.conf
20211219-062032-UTC, Linux a5e7b6300122 5.4.0-91-generic #102-Ubuntu SMP Fri Nov 5 16:31:28 UTC 2021 x86_64 GNU/Linux, c5e4b13b644d79d5a5c02e1396159c00, -rw-r--r-- 1 root root 387 Apr 2 2010, /etc/init/rc.conf
20211219-062032-UTC, Linux a5e7b6300122 5.4.0-91-generic #102-Ubuntu SMP Fri Nov 5 16:31:28 UTC 2021 x86_64 GNU/Linux, 132aa3db7e5a8cf55168e4866052208a, -rw-r--r-- 1 root root 557 Mar 22 2010, /etc/init/hwclock.conf
20211219-062032-UTC, Linux a5e7b6300122 5.4.0-91-generic #102-Ubuntu SMP Fri Nov 5 16:31:28 UTC 2021 x86_64 GNU/Linux, 34f7b6971a5580f5fb6a2ff6f14af996, -rw-r--r-- 1 root root 213 Apr 2 2010, /etc/init/tty6.conf
